merchant_id,merchant_name,city,business_segment,acquisition_channel
M001,Café Horizonte,Cali,SMALL,DIGITAL
M002,Floristería Coral,Barranquilla,SMALL,DIGITAL
M003,Farmacia Horizonte,Medellín,SMALL,REFERIDOS
M004,Farmacia Sol,Barranquilla,SMALL,VENTA_DIRECTA
M005,Librería Prisma,Cartagena,SMALL,DIGITAL
M006,Restaurante Coral,Medellín,SMALL,VENTA_DIRECTA
M007,Café Colibrí,Bogotá,SMALL,DIGITAL
M008,Taller Orquídea,Medellín,MEDIUM,VENTA_DIRECTA
M009,Óptica Roble,Cali,MEDIUM,DIGITAL
M010,Panadería Aurora,Cartagena,MEDIUM,DIGITAL
M011,Mercado Orquídea,Bogotá,SMALL,ALIADOS
M012,Farmacia Esmeralda,Cali,SMALL,DIGITAL
M013,Heladería Manzano,Cali,SMALL,DIGITAL
M014,Restaurante Guayacán,Medellín,MEDIUM,ALIADOS
M015,Ferretería Esmeralda,Bogotá,SMALL,ALIADOS
M016,Mercado Colibrí,Cali,SMALL,ALIADOS
M017,Óptica Orquídea,Bogotá,SMALL,DIGITAL
M018,Heladería Litoral,Cali,SMALL,VENTA_DIRECTA
M019,Floristería Nogal,Bogotá,SMALL,DIGITAL
M020,Farmacia Orquídea,Medellín,MEDIUM,VENTA_DIRECTA
M021,Papelería Coral,Barranquilla,SMALL,VENTA_DIRECTA
M022,Librería Horizonte,Medellín,SMALL,VENTA_DIRECTA
M023,Distribuidora Orquídea,Medellín,SMALL,VENTA_DIRECTA
M024,Taller Aurora,Medellín,SMALL,DIGITAL
M025,Restaurante Orquídea,Medellín,SMALL,REFERIDOS
M026,Miscelánea Guayacán,Cali,MEDIUM,DIGITAL
M027,Café Roble,Bogotá,SMALL,VENTA_DIRECTA
M028,Miscelánea Nébula,Bogotá,SMALL,REFERIDOS
M029,Panadería Granada,Bogotá,SMALL,REFERIDOS
M030,Librería Nogal,Cartagena,SMALL,VENTA_DIRECTA
M031,Panadería Orquídea,Bogotá,SMALL,VENTA_DIRECTA
M032,Miscelánea Nogal,Bucaramanga,SMALL,DIGITAL
M033,Taller Horizonte,Medellín,SMALL,REFERIDOS
M034,Distribuidora Granada,Bogotá,SMALL,VENTA_DIRECTA
M035,Floristería Sabana,Medellín,SMALL,REFERIDOS
M036,Café Esmeralda,Cali,SMALL,VENTA_DIRECTA
M037,Heladería Coral,Bogotá,SMALL,ALIADOS
M038,Miscelánea Horizonte,Barranquilla,SMALL,DIGITAL
M039,Distribuidora Sol,Barranquilla,SMALL,REFERIDOS
M040,Ferretería Nogal,Bogotá,SMALL,ALIADOS
M041,Café Sabana,Medellín,SMALL,VENTA_DIRECTA
M042,Boutique Sabana,Bogotá,SMALL,VENTA_DIRECTA
M043,Restaurante Prisma,Cali,MEDIUM,DIGITAL
M044,Librería Roble,Bogotá,MEDIUM,REFERIDOS
M045,Heladería Esmeralda,Bogotá,SMALL,VENTA_DIRECTA
M046,Librería Andino,Bogotá,SMALL,DIGITAL
M047,Distribuidora Alameda,Cartagena,SMALL,VENTA_DIRECTA
M048,Óptica Nébula,Medellín,SMALL,DIGITAL
M049,Café Nogal,Pereira,SMALL,VENTA_DIRECTA
M050,Librería Cedro,Bogotá,SMALL,VENTA_DIRECTA
M051,Floristería Andino,Bogotá,SMALL,DIGITAL
M052,Mercado Prisma,Bogotá,SMALL,VENTA_DIRECTA
M053,Miscelánea Manzano,Bucaramanga,SMALL,VENTA_DIRECTA
M054,Restaurante Manzano,Cali,SMALL,ALIADOS
M055,Librería Esmeralda,Medellín,MEDIUM,ALIADOS
M056,Ferretería Guayacán,Pereira,MEDIUM,DIGITAL
M057,Café Boreal,Barranquilla,SMALL,VENTA_DIRECTA
M058,Librería Nébula,Barranquilla,MEDIUM,REFERIDOS
M059,Café Prisma,Barranquilla,SMALL,ALIADOS
M060,Café Litoral,Bogotá,SMALL,ALIADOS
M061,Heladería Prisma,Cartagena,SMALL,ALIADOS
M062,Restaurante Cedro,Pereira,SMALL,VENTA_DIRECTA
M063,Taller Granada,Bogotá,MEDIUM,ALIADOS
M064,Óptica Aurora,Medellín,SMALL,VENTA_DIRECTA
M065,Distribuidora Sabana,Medellín,SMALL,ALIADOS
M066,Taller Andino,Barranquilla,SMALL,VENTA_DIRECTA
M067,Mercado Alameda,Bogotá,SMALL,VENTA_DIRECTA
M068,Farmacia Roble,Bogotá,SMALL,DIGITAL
M069,Panadería Prisma,Cali,MEDIUM,ALIADOS
M070,Papelería Cedro,Medellín,SMALL,DIGITAL
M071,Floristería Colibrí,Cartagena,SMALL,VENTA_DIRECTA
M072,Mercado Boreal,Cali,SMALL,REFERIDOS
M073,Papelería Horizonte,Pereira,SMALL,DIGITAL
M074,Restaurante Sol,Cali,SMALL,DIGITAL
M075,Boutique Roble,Barranquilla,SMALL,DIGITAL
M076,Papelería Guayacán,Barranquilla,SMALL,VENTA_DIRECTA
M077,Taller Colibrí,Pereira,MEDIUM,REFERIDOS
M078,Distribuidora Coral,Barranquilla,SMALL,DIGITAL
M079,Miscelánea Aurora,Bucaramanga,SMALL,DIGITAL
M080,Ferretería Marea,Bogotá,SMALL,DIGITAL
M081,Panadería Sabana,Pereira,SMALL,DIGITAL
M082,Boutique Alameda,Cartagena,MEDIUM,VENTA_DIRECTA
M083,Óptica Alameda,Cali,SMALL,ALIADOS
M084,Miscelánea Andino,Bogotá,SMALL,VENTA_DIRECTA
M085,Taller Boreal,Bogotá,SMALL,VENTA_DIRECTA
M086,Papelería Prisma,Barranquilla,MEDIUM,VENTA_DIRECTA
M087,Ferretería Roble,Bogotá,SMALL,DIGITAL
M088,Papelería Marea,Pereira,SMALL,VENTA_DIRECTA
M089,Óptica Cedro,Medellín,SMALL,VENTA_DIRECTA
M090,Óptica Sabana,Cali,SMALL,REFERIDOS
M091,Farmacia Guayacán,Barranquilla,SMALL,VENTA_DIRECTA
M092,Miscelánea Colibrí,Cali,SMALL,ALIADOS
M093,Miscelánea Esmeralda,Cali,SMALL,ALIADOS
M094,Ferretería Nébula,Medellín,SMALL,VENTA_DIRECTA
M095,Restaurante Aurora,Bogotá,SMALL,DIGITAL
M096,Distribuidora Prisma,Medellín,SMALL,ALIADOS
M097,Óptica Sol,Bogotá,SMALL,DIGITAL
M098,Panadería Sol,Bucaramanga,SMALL,ALIADOS
M099,Café Cedro,Bogotá,SMALL,DIGITAL
M100,Ferretería Boreal,Cali,SMALL,VENTA_DIRECTA
M101,Mercado Nébula,Cali,MEDIUM,DIGITAL
M102,Ferretería Sol,Medellín,SMALL,DIGITAL
M103,Panadería Nébula,Cartagena,MEDIUM,DIGITAL
M104,Panadería Boreal,Medellín,SMALL,DIGITAL
M105,Farmacia Coral,Cali,SMALL,ALIADOS
M106,Panadería Andino,Bogotá,SMALL,ALIADOS
M107,Ferretería Manzano,Bogotá,MEDIUM,DIGITAL
M108,Panadería Esmeralda,Medellín,MEDIUM,DIGITAL
M109,Floristería Boreal,Bogotá,SMALL,VENTA_DIRECTA
M110,Librería Guayacán,Medellín,SMALL,ALIADOS
M111,Floristería Prisma,Bogotá,SMALL,ALIADOS
M112,Boutique Andino,Medellín,SMALL,DIGITAL
M113,Papelería Roble,Bucaramanga,SMALL,DIGITAL
M114,Miscelánea Prisma,Barranquilla,SMALL,DIGITAL
M115,Floristería Roble,Bogotá,MEDIUM,REFERIDOS
M116,Heladería Boreal,Cali,SMALL,REFERIDOS
M117,Distribuidora Boreal,Cali,SMALL,ALIADOS
M118,Miscelánea Granada,Bucaramanga,SMALL,REFERIDOS
M119,Ferretería Granada,Cali,SMALL,ALIADOS
M120,Miscelánea Roble,Bogotá,SMALL,REFERIDOS
M121,Floristería Cedro,Pereira,SMALL,ALIADOS
M122,Farmacia Litoral,Barranquilla,SMALL,VENTA_DIRECTA
M123,Mercado Nogal,Bogotá,SMALL,VENTA_DIRECTA
M124,Restaurante Colibrí,Bogotá,SMALL,DIGITAL
M125,Panadería Roble,Bogotá,SMALL,ALIADOS
M126,Mercado Sabana,Bogotá,MEDIUM,DIGITAL
M127,Taller Alameda,Medellín,SMALL,VENTA_DIRECTA
M128,Floristería Aurora,Barranquilla,SMALL,VENTA_DIRECTA
M129,Miscelánea Coral,Cartagena,SMALL,VENTA_DIRECTA
M130,Distribuidora Aurora,Medellín,MEDIUM,ALIADOS
M131,Farmacia Alameda,Bogotá,SMALL,VENTA_DIRECTA
M132,Ferretería Cedro,Bucaramanga,MEDIUM,DIGITAL
M133,Miscelánea Sabana,Bogotá,SMALL,DIGITAL
M134,Óptica Colibrí,Medellín,SMALL,REFERIDOS
M135,Taller Roble,Bogotá,MEDIUM,REFERIDOS
M136,Librería Alameda,Barranquilla,SMALL,DIGITAL
M137,Heladería Marea,Bucaramanga,MEDIUM,VENTA_DIRECTA
M138,Floristería Litoral,Barranquilla,SMALL,DIGITAL
M139,Restaurante Alameda,Cartagena,SMALL,DIGITAL
M140,Restaurante Andino,Cali,SMALL,DIGITAL
M141,Farmacia Colibrí,Cali,SMALL,VENTA_DIRECTA
M142,Café Andino,Bogotá,SMALL,ALIADOS
M143,Floristería Esmeralda,Medellín,SMALL,DIGITAL
M144,Miscelánea Litoral,Cali,SMALL,DIGITAL
M145,Taller Nébula,Bogotá,MEDIUM,ALIADOS
M146,Librería Sol,Bogotá,SMALL,VENTA_DIRECTA
M147,Heladería Alameda,Bucaramanga,SMALL,REFERIDOS
M148,Librería Manzano,Bogotá,MEDIUM,REFERIDOS
M149,Panadería Cedro,Pereira,SMALL,DIGITAL
M150,Farmacia Manzano,Barranquilla,SMALL,ALIADOS
M151,Boutique Aurora,Bogotá,SMALL,VENTA_DIRECTA
M152,Farmacia Nébula,Cartagena,SMALL,DIGITAL
M153,Papelería Boreal,Bogotá,SMALL,ALIADOS
M154,Taller Guayacán,Pereira,SMALL,DIGITAL
M155,Miscelánea Marea,Medellín,SMALL,ALIADOS
M156,Boutique Litoral,Medellín,SMALL,DIGITAL
M157,Panadería Colibrí,Cali,MEDIUM,VENTA_DIRECTA
M158,Café Granada,Cali,MEDIUM,ALIADOS
M159,Farmacia Granada,Medellín,MEDIUM,ALIADOS
M160,Mercado Horizonte,Bogotá,MEDIUM,DIGITAL
M161,Heladería Roble,Barranquilla,SMALL,DIGITAL
M162,Farmacia Marea,Medellín,SMALL,REFERIDOS
M163,Ferretería Coral,Medellín,SMALL,DIGITAL
M164,Óptica Coral,Cali,SMALL,VENTA_DIRECTA
M165,Papelería Aurora,Cali,SMALL,DIGITAL
M166,Mercado Granada,Bucaramanga,MEDIUM,VENTA_DIRECTA
M167,Ferretería Alameda,Medellín,MEDIUM,ALIADOS
M168,Papelería Granada,Cali,SMALL,DIGITAL
M169,Restaurante Marea,Bogotá,SMALL,DIGITAL
M170,Óptica Boreal,Pereira,MEDIUM,REFERIDOS
M171,Panadería Horizonte,Barranquilla,SMALL,VENTA_DIRECTA
M172,Mercado Esmeralda,Cartagena,SMALL,VENTA_DIRECTA
M173,Librería Aurora,Barranquilla,SMALL,REFERIDOS
M174,Mercado Cedro,Cartagena,MEDIUM,DIGITAL
M175,Heladería Aurora,Pereira,SMALL,ALIADOS
M176,Floristería Manzano,Cali,SMALL,VENTA_DIRECTA
M177,Boutique Nébula,Bogotá,SMALL,ALIADOS
M178,Mercado Marea,Bogotá,SMALL,ALIADOS
M179,Distribuidora Esmeralda,Bogotá,SMALL,DIGITAL
M180,Taller Sabana,Medellín,SMALL,DIGITAL
