merchant_id,merchant_name,city,business_segment,acquisition_channel,registered_cohort_month,registered_at,validation_started_at,documents_completed_at,approved_at,activated_at,rejected_at,abandoned_at,last_onboarding_event_type,last_onboarding_event_at,highest_stage_reached,onboarding_status,exit_from_stage,onboarding_event_count,days_since_registered,days_in_current_stage,is_commercial_activation_30d_eligible,is_technically_activated,days_to_technical_activation,first_transaction_date,days_to_first_transaction,first_transaction_status,commercial_activation_30d,days_since_first_transaction,is_active_30d_eligible,is_active_30d
M001,Café Horizonte,Cali,SMALL,DIGITAL,2025-01,2025-01-01T09:00:00-05:00,2025-01-03T02:00:00-05:00,2025-01-09T04:30:00-05:00,2025-01-11T16:15:00-05:00,2025-01-12T15:15:00-05:00,,,ACTIVATED,2025-01-12T15:15:00-05:00,ACTIVATED,ACTIVATED,,5,608,597,True,True,11,2025-01-14,13,ON_TIME,True,595,True,True
M002,Floristería Coral,Barranquilla,SMALL,DIGITAL,2025-01,2025-01-08T10:00:00-05:00,2025-01-09T18:00:00-05:00,2025-01-17T18:00:00-05:00,,,2025-01-20T15:15:00-05:00,,REJECTED,2025-01-20T15:15:00-05:00,DOCUMENTS_COMPLETED,REJECTED,DOCUMENTS_COMPLETED,4,601,589,True,False,,,,NOT_APPLICABLE,False,,False,
M003,Farmacia Horizonte,Medellín,SMALL,REFERIDOS,2025-01,2025-01-15T11:00:00-05:00,2025-01-16T23:15:00-05:00,,,,,2025-01-22T10:15:00-05:00,ABANDONED,2025-01-22T10:15:00-05:00,VALIDATION_STARTED,ABANDONED,VALIDATION_STARTED,3,594,587,True,False,,,,NOT_APPLICABLE,False,,False,
M004,Farmacia Sol,Barranquilla,SMALL,VENTA_DIRECTA,2025-01,2025-01-22T12:00:00-05:00,2025-01-23T13:00:00-05:00,2025-01-26T07:00:00-05:00,,,,,DOCUMENTS_COMPLETED,2025-01-26T07:00:00-05:00,DOCUMENTS_COMPLETED,IN_PROGRESS,,3,587,583,True,False,,,,NOT_APPLICABLE,False,,False,
M005,Librería Prisma,Cartagena,SMALL,DIGITAL,2025-02,2025-02-01T10:30:00-05:00,2025-02-02T14:30:00-05:00,2025-02-10T13:00:00-05:00,,,,,DOCUMENTS_COMPLETED,2025-02-10T13:00:00-05:00,DOCUMENTS_COMPLETED,IN_PROGRESS,,3,577,568,True,False,,,,NOT_APPLICABLE,False,,False,
M006,Restaurante Coral,Medellín,SMALL,VENTA_DIRECTA,2025-03,2025-03-29T13:15:00-05:00,2025-03-29T16:00:00-05:00,2025-04-07T03:00:00-05:00,2025-04-09T16:15:00-05:00,2025-04-10T11:45:00-05:00,,,ACTIVATED,2025-04-10T11:45:00-05:00,ACTIVATED,ACTIVATED,,5,521,509,True,True,12,2025-04-12,14,ON_TIME,True,507,True,True
M007,Café Colibrí,Bogotá,SMALL,DIGITAL,2025-10,2025-10-19T12:45:00-05:00,2025-10-20T05:00:00-05:00,2025-10-28T12:00:00-05:00,2025-11-02T06:45:00-05:00,2025-11-06T19:30:00-05:00,,,ACTIVATED,2025-11-06T19:30:00-05:00,ACTIVATED,ACTIVATED,,5,317,299,True,True,18,2025-11-08,20,ON_TIME,True,297,True,True
M008,Taller Orquídea,Medellín,MEDIUM,VENTA_DIRECTA,2026-05,2026-05-02T17:30:00-05:00,2026-05-02T22:30:00-05:00,2026-05-12T18:00:00-05:00,2026-05-15T07:30:00-05:00,2026-05-16T20:45:00-05:00,,,ACTIVATED,2026-05-16T20:45:00-05:00,ACTIVATED,ACTIVATED,,5,122,108,True,True,14,2026-05-18,16,ON_TIME,True,106,True,True
M009,Óptica Roble,Cali,MEDIUM,DIGITAL,2026-07,2026-07-24T12:15:00-05:00,2026-07-25T15:45:00-05:00,2026-07-31T19:15:00-05:00,2026-08-06T08:15:00-05:00,2026-08-07T13:00:00-05:00,,,ACTIVATED,2026-08-07T13:00:00-05:00,ACTIVATED,ACTIVATED,,5,39,25,True,True,14,2026-08-25,32,LATE,False,7,False,
M010,Panadería Aurora,Cartagena,MEDIUM,DIGITAL,2026-08,2026-08-07T17:45:00-05:00,2026-08-09T07:45:00-05:00,2026-08-10T08:30:00-05:00,2026-08-14T14:30:00-05:00,2026-08-18T07:45:00-05:00,,,ACTIVATED,2026-08-18T07:45:00-05:00,ACTIVATED,ACTIVATED,,5,25,14,False,True,11,,,NOT_OBSERVED,,,False,
M011,Mercado Orquídea,Bogotá,SMALL,ALIADOS,2026-08,2026-08-28T15:15:00-05:00,2026-08-30T00:00:00-05:00,,,,,,VALIDATION_STARTED,2026-08-30T00:00:00-05:00,VALIDATION_STARTED,IN_PROGRESS,,2,4,2,False,False,,,,NOT_APPLICABLE,,,False,
M012,Farmacia Esmeralda,Cali,SMALL,DIGITAL,2025-10,2025-10-21T14:45:00-05:00,2025-10-23T06:45:00-05:00,2025-10-25T15:15:00-05:00,2025-10-26T21:30:00-05:00,2025-10-29T03:15:00-05:00,,,ACTIVATED,2025-10-29T03:15:00-05:00,ACTIVATED,ACTIVATED,,5,315,307,True,True,8,2025-11-03,13,ON_TIME,True,302,True,True
M013,Heladería Manzano,Cali,SMALL,DIGITAL,2025-08,2025-08-26T12:45:00-05:00,,,,,,2025-08-28T03:00:00-05:00,ABANDONED,2025-08-28T03:00:00-05:00,REGISTERED,ABANDONED,REGISTERED,2,371,369,True,False,,,,NOT_APPLICABLE,False,,False,
M014,Restaurante Guayacán,Medellín,MEDIUM,ALIADOS,2026-03,2026-03-26T11:00:00-05:00,2026-03-27T05:00:00-05:00,2026-03-31T09:00:00-05:00,2026-04-05T22:15:00-05:00,2026-04-07T00:30:00-05:00,,,ACTIVATED,2026-04-07T00:30:00-05:00,ACTIVATED,ACTIVATED,,5,159,147,True,True,12,2026-04-12,17,ON_TIME,True,142,True,True
M015,Ferretería Esmeralda,Bogotá,SMALL,ALIADOS,2025-08,2025-08-06T14:15:00-05:00,2025-08-06T23:00:00-05:00,2025-08-10T15:30:00-05:00,2025-08-15T02:15:00-05:00,2025-08-19T21:15:00-05:00,,,ACTIVATED,2025-08-19T21:15:00-05:00,ACTIVATED,ACTIVATED,,5,391,378,True,True,13,2025-09-12,37,LATE,False,354,True,True
M016,Mercado Colibrí,Cali,SMALL,ALIADOS,2025-11,2025-11-19T13:15:00-05:00,2025-11-19T14:30:00-05:00,2025-11-21T22:00:00-05:00,2025-11-28T15:15:00-05:00,2025-12-01T00:30:00-05:00,,,ACTIVATED,2025-12-01T00:30:00-05:00,ACTIVATED,ACTIVATED,,5,286,274,True,True,12,2025-12-07,18,ON_TIME,True,268,True,True
M017,Óptica Orquídea,Bogotá,SMALL,DIGITAL,2025-08,2025-08-25T09:45:00-05:00,2025-08-26T19:00:00-05:00,,,,,,VALIDATION_STARTED,2025-08-26T19:00:00-05:00,VALIDATION_STARTED,IN_PROGRESS,,2,372,371,True,False,,,,NOT_APPLICABLE,False,,False,
M018,Heladería Litoral,Cali,SMALL,VENTA_DIRECTA,2026-06,2026-06-21T09:45:00-05:00,2026-06-23T08:15:00-05:00,2026-06-25T06:00:00-05:00,2026-06-26T13:15:00-05:00,2026-07-01T08:30:00-05:00,,,ACTIVATED,2026-07-01T08:30:00-05:00,ACTIVATED,ACTIVATED,,5,72,62,True,True,10,2026-07-06,15,ON_TIME,True,57,True,True
M019,Floristería Nogal,Bogotá,SMALL,DIGITAL,2026-06,2026-06-01T15:00:00-05:00,2026-06-02T03:00:00-05:00,2026-06-08T15:30:00-05:00,2026-06-11T14:00:00-05:00,2026-06-14T12:45:00-05:00,,,ACTIVATED,2026-06-14T12:45:00-05:00,ACTIVATED,ACTIVATED,,5,92,79,True,True,13,2026-06-19,18,ON_TIME,True,74,True,True
M020,Farmacia Orquídea,Medellín,MEDIUM,VENTA_DIRECTA,2025-12,2025-12-04T08:30:00-05:00,2025-12-04T11:45:00-05:00,,,,,2025-12-11T15:45:00-05:00,ABANDONED,2025-12-11T15:45:00-05:00,VALIDATION_STARTED,ABANDONED,VALIDATION_STARTED,3,271,264,True,False,,,,NOT_APPLICABLE,False,,False,
M021,Papelería Coral,Barranquilla,SMALL,VENTA_DIRECTA,2026-06,2026-06-16T10:45:00-05:00,2026-06-17T14:30:00-05:00,2026-06-25T11:45:00-05:00,2026-06-27T23:45:00-05:00,2026-07-02T03:00:00-05:00,,,ACTIVATED,2026-07-02T03:00:00-05:00,ACTIVATED,ACTIVATED,,5,77,61,True,True,16,2026-07-02,16,ON_TIME,True,61,True,True
M022,Librería Horizonte,Medellín,SMALL,VENTA_DIRECTA,2026-06,2026-06-13T14:00:00-05:00,2026-06-14T09:45:00-05:00,,,,,2026-06-22T05:00:00-05:00,ABANDONED,2026-06-22T05:00:00-05:00,VALIDATION_STARTED,ABANDONED,VALIDATION_STARTED,3,80,71,True,False,,,,NOT_APPLICABLE,False,,False,
M023,Distribuidora Orquídea,Medellín,SMALL,VENTA_DIRECTA,2025-12,2025-12-05T13:15:00-05:00,,,,,,2025-12-15T05:00:00-05:00,ABANDONED,2025-12-15T05:00:00-05:00,REGISTERED,ABANDONED,REGISTERED,2,270,260,True,False,,,,NOT_APPLICABLE,False,,False,
M024,Taller Aurora,Medellín,SMALL,DIGITAL,2026-07,2026-07-19T08:45:00-05:00,2026-07-21T08:00:00-05:00,2026-07-27T03:30:00-05:00,2026-07-29T06:45:00-05:00,2026-07-30T13:45:00-05:00,,,ACTIVATED,2026-07-30T13:45:00-05:00,ACTIVATED,ACTIVATED,,5,44,33,True,True,11,2026-08-01,13,ON_TIME,True,31,True,True
M025,Restaurante Orquídea,Medellín,SMALL,REFERIDOS,2025-12,2025-12-14T12:15:00-05:00,2025-12-15T12:00:00-05:00,2025-12-24T13:45:00-05:00,2025-12-27T16:45:00-05:00,2025-12-31T22:30:00-05:00,,,ACTIVATED,2025-12-31T22:30:00-05:00,ACTIVATED,ACTIVATED,,5,261,244,True,True,17,2026-01-03,20,ON_TIME,True,241,True,True
M026,Miscelánea Guayacán,Cali,MEDIUM,DIGITAL,2025-02,2025-02-22T16:45:00-05:00,2025-02-23T04:15:00-05:00,2025-02-27T06:15:00-05:00,2025-03-04T15:15:00-05:00,2025-03-08T16:00:00-05:00,,,ACTIVATED,2025-03-08T16:00:00-05:00,ACTIVATED,ACTIVATED,,5,556,542,True,True,14,2025-03-30,36,LATE,False,520,True,True
M027,Café Roble,Bogotá,SMALL,VENTA_DIRECTA,2026-04,2026-04-25T11:30:00-05:00,2026-04-26T13:30:00-05:00,2026-05-05T07:15:00-05:00,,,2026-05-08T07:00:00-05:00,,REJECTED,2026-05-08T07:00:00-05:00,DOCUMENTS_COMPLETED,REJECTED,DOCUMENTS_COMPLETED,4,129,116,True,False,,,,NOT_APPLICABLE,False,,False,
M028,Miscelánea Nébula,Bogotá,SMALL,REFERIDOS,2026-08,2026-08-12T16:15:00-05:00,,,,,,2026-08-15T14:00:00-05:00,ABANDONED,2026-08-15T14:00:00-05:00,REGISTERED,ABANDONED,REGISTERED,2,20,17,False,False,,,,NOT_APPLICABLE,,,False,
M029,Panadería Granada,Bogotá,SMALL,REFERIDOS,2025-12,2025-12-11T16:30:00-05:00,2025-12-11T22:15:00-05:00,2025-12-20T09:30:00-05:00,2025-12-22T16:45:00-05:00,2025-12-23T18:00:00-05:00,,,ACTIVATED,2025-12-23T18:00:00-05:00,ACTIVATED,ACTIVATED,,5,264,252,True,True,12,2025-12-29,18,ON_TIME,True,246,True,True
M030,Librería Nogal,Cartagena,SMALL,VENTA_DIRECTA,2026-03,2026-03-20T15:00:00-05:00,2026-03-20T16:45:00-05:00,2026-03-29T02:45:00-05:00,2026-04-02T15:30:00-05:00,,,2026-04-12T09:30:00-05:00,ABANDONED,2026-04-12T09:30:00-05:00,APPROVED,ABANDONED,APPROVED,5,165,142,True,False,,,,NOT_APPLICABLE,False,,False,
M031,Panadería Orquídea,Bogotá,SMALL,VENTA_DIRECTA,2025-05,2025-05-22T13:15:00-05:00,2025-05-24T01:45:00-05:00,,,,,2025-06-02T15:30:00-05:00,ABANDONED,2025-06-02T15:30:00-05:00,VALIDATION_STARTED,ABANDONED,VALIDATION_STARTED,3,467,456,True,False,,,,NOT_APPLICABLE,False,,False,
M032,Miscelánea Nogal,Bucaramanga,SMALL,DIGITAL,2026-02,2026-02-22T10:30:00-05:00,2026-02-24T10:45:00-05:00,2026-02-25T15:00:00-05:00,,,,2026-03-04T17:00:00-05:00,ABANDONED,2026-03-04T17:00:00-05:00,DOCUMENTS_COMPLETED,ABANDONED,DOCUMENTS_COMPLETED,4,191,181,True,False,,,,NOT_APPLICABLE,False,,False,
M033,Taller Horizonte,Medellín,SMALL,REFERIDOS,2026-07,2026-07-13T11:00:00-05:00,2026-07-14T19:30:00-05:00,2026-07-22T19:45:00-05:00,2026-07-28T09:45:00-05:00,2026-07-31T17:00:00-05:00,,,ACTIVATED,2026-07-31T17:00:00-05:00,ACTIVATED,ACTIVATED,,5,50,32,True,True,18,2026-08-06,24,ON_TIME,True,26,False,
M034,Distribuidora Granada,Bogotá,SMALL,VENTA_DIRECTA,2026-08,2026-08-31T11:00:00-05:00,2026-08-31T19:45:00-05:00,,,,,,VALIDATION_STARTED,2026-08-31T19:45:00-05:00,VALIDATION_STARTED,IN_PROGRESS,,2,1,1,False,False,,,,NOT_APPLICABLE,,,False,
M035,Floristería Sabana,Medellín,SMALL,REFERIDOS,2025-03,2025-03-19T10:15:00-05:00,2025-03-20T11:15:00-05:00,2025-03-28T09:45:00-05:00,2025-03-31T10:45:00-05:00,2025-04-02T12:45:00-05:00,,,ACTIVATED,2025-04-02T12:45:00-05:00,ACTIVATED,ACTIVATED,,5,531,517,True,True,14,2025-04-08,20,ON_TIME,True,511,True,True
M036,Café Esmeralda,Cali,SMALL,VENTA_DIRECTA,2025-01,2025-01-30T14:30:00-05:00,2025-01-31T18:15:00-05:00,2025-02-06T06:15:00-05:00,2025-02-07T15:15:00-05:00,2025-02-10T08:00:00-05:00,,,ACTIVATED,2025-02-10T08:00:00-05:00,ACTIVATED,ACTIVATED,,5,579,568,True,True,11,,,NOT_OBSERVED,False,,False,
M037,Heladería Coral,Bogotá,SMALL,ALIADOS,2025-06,2025-06-10T17:00:00-05:00,2025-06-11T05:00:00-05:00,,,,,,VALIDATION_STARTED,2025-06-11T05:00:00-05:00,VALIDATION_STARTED,IN_PROGRESS,,2,448,447,True,False,,,,NOT_APPLICABLE,False,,False,
M038,Miscelánea Horizonte,Barranquilla,SMALL,DIGITAL,2025-08,2025-08-27T14:00:00-05:00,2025-08-28T04:30:00-05:00,,,,2025-08-31T09:15:00-05:00,,REJECTED,2025-08-31T09:15:00-05:00,VALIDATION_STARTED,REJECTED,VALIDATION_STARTED,3,370,366,True,False,,,,NOT_APPLICABLE,False,,False,
M039,Distribuidora Sol,Barranquilla,SMALL,REFERIDOS,2025-06,2025-06-06T17:30:00-05:00,2025-06-07T04:45:00-05:00,2025-06-11T22:30:00-05:00,2025-06-15T15:30:00-05:00,2025-06-18T18:00:00-05:00,,,ACTIVATED,2025-06-18T18:00:00-05:00,ACTIVATED,ACTIVATED,,5,452,440,True,True,12,2025-06-25,19,ON_TIME,True,433,True,True
M040,Ferretería Nogal,Bogotá,SMALL,ALIADOS,2026-05,2026-05-15T09:45:00-05:00,2026-05-16T06:30:00-05:00,2026-05-26T00:30:00-05:00,2026-05-30T08:45:00-05:00,2026-06-01T04:30:00-05:00,,,ACTIVATED,2026-06-01T04:30:00-05:00,ACTIVATED,ACTIVATED,,5,109,92,True,True,17,2026-06-08,24,ON_TIME,True,85,True,True
M041,Café Sabana,Medellín,SMALL,VENTA_DIRECTA,2026-04,2026-04-15T13:00:00-05:00,2026-04-17T06:30:00-05:00,2026-04-25T04:15:00-05:00,2026-05-01T00:30:00-05:00,,,,APPROVED,2026-05-01T00:30:00-05:00,APPROVED,IN_PROGRESS,,4,139,123,True,False,,,,NOT_APPLICABLE,False,,False,
M042,Boutique Sabana,Bogotá,SMALL,VENTA_DIRECTA,2025-12,2025-12-06T10:30:00-05:00,2025-12-07T06:30:00-05:00,2025-12-14T01:45:00-05:00,,,,2025-12-20T03:45:00-05:00,ABANDONED,2025-12-20T03:45:00-05:00,DOCUMENTS_COMPLETED,ABANDONED,DOCUMENTS_COMPLETED,4,269,255,True,False,,,,NOT_APPLICABLE,False,,False,
M043,Restaurante Prisma,Cali,MEDIUM,DIGITAL,2026-06,2026-06-20T12:45:00-05:00,2026-06-21T06:30:00-05:00,2026-06-26T15:30:00-05:00,2026-06-29T22:45:00-05:00,2026-07-03T10:15:00-05:00,,,ACTIVATED,2026-07-03T10:15:00-05:00,ACTIVATED,ACTIVATED,,5,73,60,True,True,13,2026-07-09,19,ON_TIME,True,54,True,True
M044,Librería Roble,Bogotá,MEDIUM,REFERIDOS,2026-08,2026-08-11T08:30:00-05:00,2026-08-12T15:15:00-05:00,,,,,,VALIDATION_STARTED,2026-08-12T15:15:00-05:00,VALIDATION_STARTED,IN_PROGRESS,,2,21,20,False,False,,,,NOT_APPLICABLE,,,False,
M045,Heladería Esmeralda,Bogotá,SMALL,VENTA_DIRECTA,2025-07,2025-07-30T13:45:00-05:00,2025-08-01T10:00:00-05:00,2025-08-09T18:30:00-05:00,2025-08-16T02:30:00-05:00,2025-08-20T19:30:00-05:00,,,ACTIVATED,2025-08-20T19:30:00-05:00,ACTIVATED,ACTIVATED,,5,398,377,True,True,21,2025-08-25,26,ON_TIME,True,372,True,True
M046,Librería Andino,Bogotá,SMALL,DIGITAL,2026-05,2026-05-09T09:45:00-05:00,2026-05-10T09:45:00-05:00,,,,2026-05-13T13:00:00-05:00,,REJECTED,2026-05-13T13:00:00-05:00,VALIDATION_STARTED,REJECTED,VALIDATION_STARTED,3,115,111,True,False,,,,NOT_APPLICABLE,False,,False,
M047,Distribuidora Alameda,Cartagena,SMALL,VENTA_DIRECTA,2026-05,2026-05-18T13:15:00-05:00,2026-05-19T17:00:00-05:00,2026-05-20T19:45:00-05:00,,,2026-05-21T15:30:00-05:00,,REJECTED,2026-05-21T15:30:00-05:00,DOCUMENTS_COMPLETED,REJECTED,DOCUMENTS_COMPLETED,4,106,103,True,False,,,,NOT_APPLICABLE,False,,False,
M048,Óptica Nébula,Medellín,SMALL,DIGITAL,2025-05,2025-05-29T17:00:00-05:00,2025-05-31T11:45:00-05:00,,,,,,VALIDATION_STARTED,2025-05-31T11:45:00-05:00,VALIDATION_STARTED,IN_PROGRESS,,2,460,458,True,False,,,,NOT_APPLICABLE,False,,False,
M049,Café Nogal,Pereira,SMALL,VENTA_DIRECTA,2025-09,2025-09-25T14:30:00-05:00,,,,,,2025-09-30T18:45:00-05:00,ABANDONED,2025-09-30T18:45:00-05:00,REGISTERED,ABANDONED,REGISTERED,2,341,336,True,False,,,,NOT_APPLICABLE,False,,False,
M050,Librería Cedro,Bogotá,SMALL,VENTA_DIRECTA,2025-07,2025-07-05T12:00:00-05:00,2025-07-06T22:45:00-05:00,,,,2025-07-08T14:15:00-05:00,,REJECTED,2025-07-08T14:15:00-05:00,VALIDATION_STARTED,REJECTED,VALIDATION_STARTED,3,423,420,True,False,,,,NOT_APPLICABLE,False,,False,
M051,Floristería Andino,Bogotá,SMALL,DIGITAL,2026-04,2026-04-25T11:30:00-05:00,2026-04-26T16:00:00-05:00,2026-05-03T22:00:00-05:00,2026-05-08T01:30:00-05:00,2026-05-12T00:45:00-05:00,,,ACTIVATED,2026-05-12T00:45:00-05:00,ACTIVATED,ACTIVATED,,5,129,112,True,True,17,2026-05-19,24,ON_TIME,True,105,True,True
M052,Mercado Prisma,Bogotá,SMALL,VENTA_DIRECTA,2026-06,2026-06-09T09:45:00-05:00,2026-06-11T01:15:00-05:00,2026-06-16T18:00:00-05:00,2026-06-21T13:45:00-05:00,2026-06-24T23:30:00-05:00,,,ACTIVATED,2026-06-24T23:30:00-05:00,ACTIVATED,ACTIVATED,,5,84,69,True,True,15,,,NOT_OBSERVED,False,,False,
M053,Miscelánea Manzano,Bucaramanga,SMALL,VENTA_DIRECTA,2025-03,2025-03-28T09:15:00-05:00,2025-03-30T07:30:00-05:00,2025-04-04T05:30:00-05:00,,,,,DOCUMENTS_COMPLETED,2025-04-04T05:30:00-05:00,DOCUMENTS_COMPLETED,IN_PROGRESS,,3,522,515,True,False,,,,NOT_APPLICABLE,False,,False,
M054,Restaurante Manzano,Cali,SMALL,ALIADOS,2025-01,2025-01-19T14:45:00-05:00,2025-01-20T18:00:00-05:00,2025-01-26T03:30:00-05:00,2025-01-31T11:30:00-05:00,2025-02-05T05:45:00-05:00,,,ACTIVATED,2025-02-05T05:45:00-05:00,ACTIVATED,ACTIVATED,,5,590,573,True,True,17,2025-02-10,22,ON_TIME,True,568,True,True
M055,Librería Esmeralda,Medellín,MEDIUM,ALIADOS,2026-03,2026-03-12T14:15:00-05:00,2026-03-13T09:00:00-05:00,2026-03-22T22:30:00-05:00,2026-03-28T12:45:00-05:00,,,2026-04-06T23:30:00-05:00,ABANDONED,2026-04-06T23:30:00-05:00,APPROVED,ABANDONED,APPROVED,5,173,148,True,False,,,,NOT_APPLICABLE,False,,False,
M056,Ferretería Guayacán,Pereira,MEDIUM,DIGITAL,2025-05,2025-05-04T12:00:00-05:00,2025-05-06T07:00:00-05:00,2025-05-08T15:00:00-05:00,,,2025-05-10T11:15:00-05:00,,REJECTED,2025-05-10T11:15:00-05:00,DOCUMENTS_COMPLETED,REJECTED,DOCUMENTS_COMPLETED,4,485,479,True,False,,,,NOT_APPLICABLE,False,,False,
M057,Café Boreal,Barranquilla,SMALL,VENTA_DIRECTA,2026-01,2026-01-03T10:30:00-05:00,2026-01-04T03:45:00-05:00,2026-01-05T22:45:00-05:00,2026-01-07T07:30:00-05:00,2026-01-11T13:15:00-05:00,,,ACTIVATED,2026-01-11T13:15:00-05:00,ACTIVATED,ACTIVATED,,5,241,233,True,True,8,2026-01-18,15,ON_TIME,True,226,True,True
M058,Librería Nébula,Barranquilla,MEDIUM,REFERIDOS,2025-08,2025-08-18T12:30:00-05:00,2025-08-18T21:30:00-05:00,,,,,2025-08-27T00:00:00-05:00,ABANDONED,2025-08-27T00:00:00-05:00,VALIDATION_STARTED,ABANDONED,VALIDATION_STARTED,3,379,370,True,False,,,,NOT_APPLICABLE,False,,False,
M059,Café Prisma,Barranquilla,SMALL,ALIADOS,2026-07,2026-07-07T15:00:00-05:00,2026-07-07T19:45:00-05:00,2026-07-10T19:45:00-05:00,,,,2026-07-16T11:30:00-05:00,ABANDONED,2026-07-16T11:30:00-05:00,DOCUMENTS_COMPLETED,ABANDONED,DOCUMENTS_COMPLETED,4,56,47,True,False,,,,NOT_APPLICABLE,False,,False,
M060,Café Litoral,Bogotá,SMALL,ALIADOS,2025-10,2025-10-10T13:30:00-05:00,2025-10-12T11:45:00-05:00,2025-10-18T20:45:00-05:00,,,,2025-10-21T11:15:00-05:00,ABANDONED,2025-10-21T11:15:00-05:00,DOCUMENTS_COMPLETED,ABANDONED,DOCUMENTS_COMPLETED,4,326,315,True,False,,,,NOT_APPLICABLE,False,,False,
M061,Heladería Prisma,Cartagena,SMALL,ALIADOS,2025-06,2025-06-18T17:15:00-05:00,2025-06-19T13:45:00-05:00,2025-06-29T13:00:00-05:00,2025-07-06T01:45:00-05:00,2025-07-10T14:00:00-05:00,,,ACTIVATED,2025-07-10T14:00:00-05:00,ACTIVATED,ACTIVATED,,5,440,418,True,True,22,2025-07-13,25,ON_TIME,True,415,True,True
M062,Restaurante Cedro,Pereira,SMALL,VENTA_DIRECTA,2026-08,2026-08-03T11:15:00-05:00,2026-08-03T18:15:00-05:00,2026-08-10T05:00:00-05:00,2026-08-17T04:30:00-05:00,2026-08-19T16:30:00-05:00,,,ACTIVATED,2026-08-19T16:30:00-05:00,ACTIVATED,ACTIVATED,,5,29,13,False,True,16,2026-08-20,17,ON_TIME,,12,False,
M063,Taller Granada,Bogotá,MEDIUM,ALIADOS,2026-02,2026-02-25T09:45:00-05:00,2026-02-27T08:15:00-05:00,2026-03-02T11:45:00-05:00,2026-03-06T13:15:00-05:00,2026-03-09T06:00:00-05:00,,,ACTIVATED,2026-03-09T06:00:00-05:00,ACTIVATED,ACTIVATED,,5,188,176,True,True,12,2026-03-10,13,ON_TIME,True,175,True,True
M064,Óptica Aurora,Medellín,SMALL,VENTA_DIRECTA,2025-08,2025-08-02T16:45:00-05:00,2025-08-03T04:45:00-05:00,2025-08-11T20:15:00-05:00,2025-08-13T01:00:00-05:00,2025-08-15T13:30:00-05:00,,,ACTIVATED,2025-08-15T13:30:00-05:00,ACTIVATED,ACTIVATED,,5,395,382,True,True,13,2025-08-19,17,ON_TIME,True,378,True,True
M065,Distribuidora Sabana,Medellín,SMALL,ALIADOS,2025-12,2025-12-23T08:45:00-05:00,2025-12-24T15:00:00-05:00,2026-01-02T18:30:00-05:00,,,2026-01-06T07:45:00-05:00,,REJECTED,2026-01-06T07:45:00-05:00,DOCUMENTS_COMPLETED,REJECTED,DOCUMENTS_COMPLETED,4,252,238,True,False,,,,NOT_APPLICABLE,False,,False,
M066,Taller Andino,Barranquilla,SMALL,VENTA_DIRECTA,2025-01,2025-01-15T12:45:00-05:00,2025-01-15T18:00:00-05:00,,,,,2025-01-17T22:30:00-05:00,ABANDONED,2025-01-17T22:30:00-05:00,VALIDATION_STARTED,ABANDONED,VALIDATION_STARTED,3,594,592,True,False,,,,NOT_APPLICABLE,False,,False,
M067,Mercado Alameda,Bogotá,SMALL,VENTA_DIRECTA,2025-05,2025-05-15T13:30:00-05:00,2025-05-15T18:00:00-05:00,2025-05-17T03:45:00-05:00,,,,2025-05-23T07:00:00-05:00,ABANDONED,2025-05-23T07:00:00-05:00,DOCUMENTS_COMPLETED,ABANDONED,DOCUMENTS_COMPLETED,4,474,466,True,False,,,,NOT_APPLICABLE,False,,False,
M068,Farmacia Roble,Bogotá,SMALL,DIGITAL,2026-06,2026-06-16T15:45:00-05:00,2026-06-16T21:30:00-05:00,,,,2026-06-17T10:30:00-05:00,,REJECTED,2026-06-17T10:30:00-05:00,VALIDATION_STARTED,REJECTED,VALIDATION_STARTED,3,77,76,True,False,,,,NOT_APPLICABLE,False,,False,
M069,Panadería Prisma,Cali,MEDIUM,ALIADOS,2025-06,2025-06-30T10:15:00-05:00,2025-07-01T16:15:00-05:00,2025-07-10T17:30:00-05:00,2025-07-14T12:30:00-05:00,2025-07-16T00:15:00-05:00,,,ACTIVATED,2025-07-16T00:15:00-05:00,ACTIVATED,ACTIVATED,,5,428,412,True,True,16,2025-07-21,21,ON_TIME,True,407,True,True
M070,Papelería Cedro,Medellín,SMALL,DIGITAL,2026-08,2026-08-27T13:15:00-05:00,2026-08-29T14:00:00-05:00,,,,,,VALIDATION_STARTED,2026-08-29T14:00:00-05:00,VALIDATION_STARTED,IN_PROGRESS,,2,5,3,False,False,,,,NOT_APPLICABLE,,,False,
M071,Floristería Colibrí,Cartagena,SMALL,VENTA_DIRECTA,2025-04,2025-04-22T17:30:00-05:00,2025-04-23T23:45:00-05:00,2025-04-29T11:00:00-05:00,,,2025-04-29T16:30:00-05:00,,REJECTED,2025-04-29T16:30:00-05:00,DOCUMENTS_COMPLETED,REJECTED,DOCUMENTS_COMPLETED,4,497,490,True,False,,,,NOT_APPLICABLE,False,,False,
M072,Mercado Boreal,Cali,SMALL,REFERIDOS,2025-09,2025-09-19T16:00:00-05:00,2025-09-20T01:30:00-05:00,2025-09-25T06:00:00-05:00,2025-09-29T00:30:00-05:00,2025-10-01T02:00:00-05:00,,,ACTIVATED,2025-10-01T02:00:00-05:00,ACTIVATED,ACTIVATED,,5,347,335,True,True,12,2025-10-06,17,ON_TIME,True,330,True,True
M073,Papelería Horizonte,Pereira,SMALL,DIGITAL,2025-12,2025-12-27T16:15:00-05:00,2025-12-27T23:15:00-05:00,2025-12-29T17:00:00-05:00,,,2025-12-30T14:45:00-05:00,,REJECTED,2025-12-30T14:45:00-05:00,DOCUMENTS_COMPLETED,REJECTED,DOCUMENTS_COMPLETED,4,248,245,True,False,,,,NOT_APPLICABLE,False,,False,
M074,Restaurante Sol,Cali,SMALL,DIGITAL,2025-09,2025-09-12T17:45:00-05:00,2025-09-14T08:00:00-05:00,2025-09-21T04:00:00-05:00,2025-09-24T13:15:00-05:00,2025-09-27T13:30:00-05:00,,,ACTIVATED,2025-09-27T13:30:00-05:00,ACTIVATED,ACTIVATED,,5,354,339,True,True,15,2025-10-03,21,ON_TIME,True,333,True,True
M075,Boutique Roble,Barranquilla,SMALL,DIGITAL,2026-01,2026-01-25T10:00:00-05:00,2026-01-26T11:00:00-05:00,2026-02-03T14:30:00-05:00,2026-02-08T13:00:00-05:00,2026-02-09T09:00:00-05:00,,,ACTIVATED,2026-02-09T09:00:00-05:00,ACTIVATED,ACTIVATED,,5,219,204,True,True,15,2026-02-13,19,ON_TIME,True,200,True,True
M076,Papelería Guayacán,Barranquilla,SMALL,VENTA_DIRECTA,2025-06,2025-06-25T12:15:00-05:00,2025-06-25T15:00:00-05:00,,,,2025-06-27T02:15:00-05:00,,REJECTED,2025-06-27T02:15:00-05:00,VALIDATION_STARTED,REJECTED,VALIDATION_STARTED,3,433,431,True,False,,,,NOT_APPLICABLE,False,,False,
M077,Taller Colibrí,Pereira,MEDIUM,REFERIDOS,2026-04,2026-04-10T09:45:00-05:00,2026-04-10T16:15:00-05:00,2026-04-13T05:15:00-05:00,2026-04-17T01:00:00-05:00,2026-04-20T19:45:00-05:00,,,ACTIVATED,2026-04-20T19:45:00-05:00,ACTIVATED,ACTIVATED,,5,144,134,True,True,10,2026-04-20,10,ON_TIME,True,134,True,True
M078,Distribuidora Coral,Barranquilla,SMALL,DIGITAL,2025-03,2025-03-25T16:30:00-05:00,2025-03-25T21:15:00-05:00,2025-04-04T05:45:00-05:00,2025-04-08T12:00:00-05:00,2025-04-11T03:45:00-05:00,,,ACTIVATED,2025-04-11T03:45:00-05:00,ACTIVATED,ACTIVATED,,5,525,508,True,True,17,2025-04-17,23,ON_TIME,True,502,True,True
M079,Miscelánea Aurora,Bucaramanga,SMALL,DIGITAL,2025-05,2025-05-26T08:00:00-05:00,2025-05-27T16:30:00-05:00,2025-05-30T22:00:00-05:00,,,2025-05-31T11:45:00-05:00,,REJECTED,2025-05-31T11:45:00-05:00,DOCUMENTS_COMPLETED,REJECTED,DOCUMENTS_COMPLETED,4,463,458,True,False,,,,NOT_APPLICABLE,False,,False,
M080,Ferretería Marea,Bogotá,SMALL,DIGITAL,2025-10,2025-10-27T15:15:00-05:00,2025-10-29T12:00:00-05:00,2025-11-01T09:15:00-05:00,2025-11-02T19:30:00-05:00,2025-11-05T05:00:00-05:00,,,ACTIVATED,2025-11-05T05:00:00-05:00,ACTIVATED,ACTIVATED,,5,309,300,True,True,9,2025-11-09,13,ON_TIME,True,296,True,True
M081,Panadería Sabana,Pereira,SMALL,DIGITAL,2026-01,2026-01-22T12:00:00-05:00,2026-01-23T13:15:00-05:00,2026-01-26T20:15:00-05:00,2026-01-31T23:15:00-05:00,2026-02-02T01:45:00-05:00,,,ACTIVATED,2026-02-02T01:45:00-05:00,ACTIVATED,ACTIVATED,,5,222,211,True,True,11,2026-02-08,17,ON_TIME,True,205,True,True
M082,Boutique Alameda,Cartagena,MEDIUM,VENTA_DIRECTA,2025-09,2025-09-12T09:00:00-05:00,2025-09-12T20:30:00-05:00,,,,,,VALIDATION_STARTED,2025-09-12T20:30:00-05:00,VALIDATION_STARTED,IN_PROGRESS,,2,354,354,True,False,,,,NOT_APPLICABLE,False,,False,
M083,Óptica Alameda,Cali,SMALL,ALIADOS,2025-07,2025-07-31T09:30:00-05:00,2025-08-01T20:30:00-05:00,2025-08-09T07:00:00-05:00,,,,2025-08-16T08:45:00-05:00,ABANDONED,2025-08-16T08:45:00-05:00,DOCUMENTS_COMPLETED,ABANDONED,DOCUMENTS_COMPLETED,4,397,381,True,False,,,,NOT_APPLICABLE,False,,False,
M084,Miscelánea Andino,Bogotá,SMALL,VENTA_DIRECTA,2026-05,2026-05-08T08:45:00-05:00,2026-05-09T21:15:00-05:00,2026-05-12T09:15:00-05:00,2026-05-15T00:00:00-05:00,2026-05-19T05:15:00-05:00,,,ACTIVATED,2026-05-19T05:15:00-05:00,ACTIVATED,ACTIVATED,,5,116,105,True,True,11,2026-05-21,13,ON_TIME,True,103,True,True
M085,Taller Boreal,Bogotá,SMALL,VENTA_DIRECTA,2026-03,2026-03-08T17:45:00-05:00,2026-03-09T00:30:00-05:00,2026-03-13T22:00:00-05:00,2026-03-15T08:45:00-05:00,2026-03-16T22:45:00-05:00,,,ACTIVATED,2026-03-16T22:45:00-05:00,ACTIVATED,ACTIVATED,,5,177,169,True,True,8,2026-03-18,10,ON_TIME,True,167,True,True
M086,Papelería Prisma,Barranquilla,MEDIUM,VENTA_DIRECTA,2026-08,2026-08-03T15:45:00-05:00,2026-08-05T05:45:00-05:00,2026-08-07T04:15:00-05:00,2026-08-13T13:15:00-05:00,2026-08-15T14:30:00-05:00,,,ACTIVATED,2026-08-15T14:30:00-05:00,ACTIVATED,ACTIVATED,,5,29,17,False,True,12,2026-08-20,17,ON_TIME,,12,False,
M087,Ferretería Roble,Bogotá,SMALL,DIGITAL,2025-10,2025-10-29T13:15:00-05:00,2025-10-31T09:30:00-05:00,,,,,2025-11-03T20:00:00-05:00,ABANDONED,2025-11-03T20:00:00-05:00,VALIDATION_STARTED,ABANDONED,VALIDATION_STARTED,3,307,302,True,False,,,,NOT_APPLICABLE,False,,False,
M088,Papelería Marea,Pereira,SMALL,VENTA_DIRECTA,2026-05,2026-05-30T09:15:00-05:00,,,,,,,REGISTERED,2026-05-30T09:15:00-05:00,REGISTERED,IN_PROGRESS,,1,94,94,True,False,,,,NOT_APPLICABLE,False,,False,
M089,Óptica Cedro,Medellín,SMALL,VENTA_DIRECTA,2025-08,2025-08-07T17:45:00-05:00,2025-08-09T17:15:00-05:00,2025-08-17T05:30:00-05:00,,,2025-08-18T11:45:00-05:00,,REJECTED,2025-08-18T11:45:00-05:00,DOCUMENTS_COMPLETED,REJECTED,DOCUMENTS_COMPLETED,4,390,379,True,False,,,,NOT_APPLICABLE,False,,False,
M090,Óptica Sabana,Cali,SMALL,REFERIDOS,2025-04,2025-04-29T09:00:00-05:00,2025-04-30T05:00:00-05:00,2025-05-09T04:30:00-05:00,2025-05-14T10:45:00-05:00,2025-05-17T10:45:00-05:00,,,ACTIVATED,2025-05-17T10:45:00-05:00,ACTIVATED,ACTIVATED,,5,490,472,True,True,18,2025-05-17,18,ON_TIME,True,472,True,True
M091,Farmacia Guayacán,Barranquilla,SMALL,VENTA_DIRECTA,2025-09,2025-09-13T11:45:00-05:00,2025-09-15T11:45:00-05:00,2025-09-22T04:30:00-05:00,2025-09-28T23:15:00-05:00,2025-10-03T02:45:00-05:00,,,ACTIVATED,2025-10-03T02:45:00-05:00,ACTIVATED,ACTIVATED,,5,353,333,True,True,20,2025-10-08,25,ON_TIME,True,328,True,True
M092,Miscelánea Colibrí,Cali,SMALL,ALIADOS,2025-02,2025-02-22T11:15:00-05:00,2025-02-23T14:45:00-05:00,2025-02-26T00:00:00-05:00,2025-03-04T16:45:00-05:00,2025-03-07T22:30:00-05:00,,,ACTIVATED,2025-03-07T22:30:00-05:00,ACTIVATED,ACTIVATED,,5,556,543,True,True,13,2025-03-09,15,ON_TIME,True,541,True,True
M093,Miscelánea Esmeralda,Cali,SMALL,ALIADOS,2025-05,2025-05-04T14:45:00-05:00,2025-05-05T11:00:00-05:00,2025-05-11T05:15:00-05:00,2025-05-12T14:30:00-05:00,2025-05-15T21:00:00-05:00,,,ACTIVATED,2025-05-15T21:00:00-05:00,ACTIVATED,ACTIVATED,,5,485,474,True,True,11,2025-05-17,13,ON_TIME,True,472,True,True
M094,Ferretería Nébula,Medellín,SMALL,VENTA_DIRECTA,2025-12,2025-12-18T16:15:00-05:00,2025-12-20T12:15:00-05:00,2025-12-26T20:15:00-05:00,2025-12-31T17:45:00-05:00,2026-01-01T18:45:00-05:00,,,ACTIVATED,2026-01-01T18:45:00-05:00,ACTIVATED,ACTIVATED,,5,257,243,True,True,14,2026-01-08,21,ON_TIME,True,236,True,True
M095,Restaurante Aurora,Bogotá,SMALL,DIGITAL,2025-07,2025-07-05T08:30:00-05:00,,,,,,2025-07-10T13:45:00-05:00,ABANDONED,2025-07-10T13:45:00-05:00,REGISTERED,ABANDONED,REGISTERED,2,423,418,True,False,,,,NOT_APPLICABLE,False,,False,
M096,Distribuidora Prisma,Medellín,SMALL,ALIADOS,2025-04,2025-04-25T12:45:00-05:00,2025-04-25T14:00:00-05:00,2025-04-28T01:45:00-05:00,2025-05-03T07:15:00-05:00,2025-05-06T23:15:00-05:00,,,ACTIVATED,2025-05-06T23:15:00-05:00,ACTIVATED,ACTIVATED,,5,494,483,True,True,11,2025-05-13,18,ON_TIME,True,476,True,True
M097,Óptica Sol,Bogotá,SMALL,DIGITAL,2025-09,2025-09-15T12:00:00-05:00,2025-09-15T14:30:00-05:00,2025-09-22T07:00:00-05:00,2025-09-26T23:00:00-05:00,2025-09-27T12:15:00-05:00,,,ACTIVATED,2025-09-27T12:15:00-05:00,ACTIVATED,ACTIVATED,,5,351,339,True,True,12,2025-09-30,15,ON_TIME,True,336,True,True
M098,Panadería Sol,Bucaramanga,SMALL,ALIADOS,2025-04,2025-04-24T14:00:00-05:00,2025-04-25T09:00:00-05:00,,,,2025-04-26T21:15:00-05:00,,REJECTED,2025-04-26T21:15:00-05:00,VALIDATION_STARTED,REJECTED,VALIDATION_STARTED,3,495,493,True,False,,,,NOT_APPLICABLE,False,,False,
M099,Café Cedro,Bogotá,SMALL,DIGITAL,2025-06,2025-06-16T12:15:00-05:00,2025-06-18T02:30:00-05:00,2025-06-25T06:45:00-05:00,,,2025-06-29T00:00:00-05:00,,REJECTED,2025-06-29T00:00:00-05:00,DOCUMENTS_COMPLETED,REJECTED,DOCUMENTS_COMPLETED,4,442,429,True,False,,,,NOT_APPLICABLE,False,,False,
M100,Ferretería Boreal,Cali,SMALL,VENTA_DIRECTA,2025-12,2025-12-26T13:30:00-05:00,2025-12-27T08:15:00-05:00,2026-01-04T19:00:00-05:00,,,,2026-01-06T23:00:00-05:00,ABANDONED,2026-01-06T23:00:00-05:00,DOCUMENTS_COMPLETED,ABANDONED,DOCUMENTS_COMPLETED,4,249,238,True,False,,,,NOT_APPLICABLE,False,,False,
M101,Mercado Nébula,Cali,MEDIUM,DIGITAL,2025-03,2025-03-11T10:30:00-05:00,2025-03-12T12:00:00-05:00,2025-03-20T02:30:00-05:00,2025-03-22T12:45:00-05:00,2025-03-25T03:00:00-05:00,,,ACTIVATED,2025-03-25T03:00:00-05:00,ACTIVATED,ACTIVATED,,5,539,525,True,True,14,2025-03-27,16,ON_TIME,True,523,True,True
M102,Ferretería Sol,Medellín,SMALL,DIGITAL,2026-01,2026-01-21T14:30:00-05:00,2026-01-21T23:30:00-05:00,2026-01-23T06:00:00-05:00,2026-01-26T17:15:00-05:00,2026-01-30T14:15:00-05:00,,,ACTIVATED,2026-01-30T14:15:00-05:00,ACTIVATED,ACTIVATED,,5,223,214,True,True,9,2026-03-17,55,LATE,False,168,True,True
M103,Panadería Nébula,Cartagena,MEDIUM,DIGITAL,2025-10,2025-10-06T08:45:00-05:00,2025-10-07T19:00:00-05:00,2025-10-16T15:45:00-05:00,2025-10-20T04:15:00-05:00,2025-10-22T19:30:00-05:00,,,ACTIVATED,2025-10-22T19:30:00-05:00,ACTIVATED,ACTIVATED,,5,330,314,True,True,16,2025-11-07,32,LATE,False,298,True,True
M104,Panadería Boreal,Medellín,SMALL,DIGITAL,2025-02,2025-02-17T16:00:00-05:00,2025-02-17T18:15:00-05:00,,,,,2025-02-20T16:00:00-05:00,ABANDONED,2025-02-20T16:00:00-05:00,VALIDATION_STARTED,ABANDONED,VALIDATION_STARTED,3,561,558,True,False,,,,NOT_APPLICABLE,False,,False,
M105,Farmacia Coral,Cali,SMALL,ALIADOS,2025-05,2025-05-08T09:15:00-05:00,2025-05-10T08:00:00-05:00,2025-05-13T20:15:00-05:00,,,2025-05-14T06:45:00-05:00,,REJECTED,2025-05-14T06:45:00-05:00,DOCUMENTS_COMPLETED,REJECTED,DOCUMENTS_COMPLETED,4,481,475,True,False,,,,NOT_APPLICABLE,False,,False,
M106,Panadería Andino,Bogotá,SMALL,ALIADOS,2026-05,2026-05-18T11:00:00-05:00,2026-05-19T20:45:00-05:00,2026-05-21T23:00:00-05:00,2026-05-27T04:30:00-05:00,2026-05-31T00:15:00-05:00,,,ACTIVATED,2026-05-31T00:15:00-05:00,ACTIVATED,ACTIVATED,,5,106,93,True,True,13,2026-06-03,16,ON_TIME,True,90,True,True
M107,Ferretería Manzano,Bogotá,MEDIUM,DIGITAL,2025-08,2025-08-18T09:45:00-05:00,2025-08-18T14:00:00-05:00,2025-08-20T21:15:00-05:00,2025-08-24T23:45:00-05:00,2025-08-27T16:00:00-05:00,,,ACTIVATED,2025-08-27T16:00:00-05:00,ACTIVATED,ACTIVATED,,5,379,370,True,True,9,2025-08-30,12,ON_TIME,True,367,True,True
M108,Panadería Esmeralda,Medellín,MEDIUM,DIGITAL,2025-12,2025-12-26T17:30:00-05:00,2025-12-28T13:45:00-05:00,2025-12-31T17:30:00-05:00,2026-01-04T14:15:00-05:00,2026-01-05T07:00:00-05:00,,,ACTIVATED,2026-01-05T07:00:00-05:00,ACTIVATED,ACTIVATED,,5,249,239,True,True,10,2026-01-07,12,ON_TIME,True,237,True,True
M109,Floristería Boreal,Bogotá,SMALL,VENTA_DIRECTA,2025-01,2025-01-04T17:15:00-05:00,2025-01-06T06:30:00-05:00,2025-01-11T13:15:00-05:00,2025-01-14T14:15:00-05:00,2025-01-16T19:15:00-05:00,,,ACTIVATED,2025-01-16T19:15:00-05:00,ACTIVATED,ACTIVATED,,5,605,593,True,True,12,2025-01-23,19,ON_TIME,True,586,True,True
M110,Librería Guayacán,Medellín,SMALL,ALIADOS,2025-10,2025-10-17T11:45:00-05:00,2025-10-18T08:00:00-05:00,2025-10-26T12:45:00-05:00,2025-11-01T14:45:00-05:00,2025-11-05T06:00:00-05:00,,,ACTIVATED,2025-11-05T06:00:00-05:00,ACTIVATED,ACTIVATED,,5,319,300,True,True,19,2025-11-10,24,ON_TIME,True,295,True,True
M111,Floristería Prisma,Bogotá,SMALL,ALIADOS,2025-04,2025-04-14T13:00:00-05:00,2025-04-14T16:15:00-05:00,2025-04-21T18:30:00-05:00,2025-04-28T11:30:00-05:00,2025-04-29T23:15:00-05:00,,,ACTIVATED,2025-04-29T23:15:00-05:00,ACTIVATED,ACTIVATED,,5,505,490,True,True,15,2025-05-01,17,ON_TIME,True,488,True,True
M112,Boutique Andino,Medellín,SMALL,DIGITAL,2025-11,2025-11-24T08:30:00-05:00,2025-11-25T02:15:00-05:00,2025-12-01T06:30:00-05:00,2025-12-07T05:15:00-05:00,2025-12-10T07:45:00-05:00,,,ACTIVATED,2025-12-10T07:45:00-05:00,ACTIVATED,ACTIVATED,,5,281,265,True,True,16,2025-12-14,20,ON_TIME,True,261,True,True
M113,Papelería Roble,Bucaramanga,SMALL,DIGITAL,2025-11,2025-11-27T09:15:00-05:00,2025-11-29T01:15:00-05:00,2025-12-07T19:15:00-05:00,2025-12-14T13:15:00-05:00,2025-12-19T05:00:00-05:00,,,ACTIVATED,2025-12-19T05:00:00-05:00,ACTIVATED,ACTIVATED,,5,278,256,True,True,22,2025-12-21,24,ON_TIME,True,254,True,True
M114,Miscelánea Prisma,Barranquilla,SMALL,DIGITAL,2025-03,2025-03-11T09:45:00-05:00,2025-03-12T01:30:00-05:00,2025-03-14T06:00:00-05:00,2025-03-18T11:45:00-05:00,2025-03-20T05:00:00-05:00,,,ACTIVATED,2025-03-20T05:00:00-05:00,ACTIVATED,ACTIVATED,,5,539,530,True,True,9,2025-03-20,9,ON_TIME,True,530,True,True
M115,Floristería Roble,Bogotá,MEDIUM,REFERIDOS,2026-06,2026-06-11T09:30:00-05:00,2026-06-12T20:30:00-05:00,2026-06-20T19:15:00-05:00,2026-06-27T16:45:00-05:00,2026-07-02T10:30:00-05:00,,,ACTIVATED,2026-07-02T10:30:00-05:00,ACTIVATED,ACTIVATED,,5,82,61,True,True,21,2026-07-06,25,ON_TIME,True,57,True,True
M116,Heladería Boreal,Cali,SMALL,REFERIDOS,2026-05,2026-05-03T08:45:00-05:00,2026-05-04T11:45:00-05:00,2026-05-10T08:45:00-05:00,2026-05-12T04:15:00-05:00,2026-05-14T22:30:00-05:00,,,ACTIVATED,2026-05-14T22:30:00-05:00,ACTIVATED,ACTIVATED,,5,121,110,True,True,11,2026-05-18,15,ON_TIME,True,106,True,True
M117,Distribuidora Boreal,Cali,SMALL,ALIADOS,2025-05,2025-05-21T17:30:00-05:00,,,,,,2025-05-27T08:00:00-05:00,ABANDONED,2025-05-27T08:00:00-05:00,REGISTERED,ABANDONED,REGISTERED,2,468,462,True,False,,,,NOT_APPLICABLE,False,,False,
M118,Miscelánea Granada,Bucaramanga,SMALL,REFERIDOS,2025-05,2025-05-09T15:00:00-05:00,2025-05-10T05:15:00-05:00,2025-05-15T17:15:00-05:00,2025-05-19T09:15:00-05:00,2025-05-22T06:15:00-05:00,,,ACTIVATED,2025-05-22T06:15:00-05:00,ACTIVATED,ACTIVATED,,5,480,467,True,True,13,2025-05-24,15,ON_TIME,True,465,True,True
M119,Ferretería Granada,Cali,SMALL,ALIADOS,2025-10,2025-10-31T15:00:00-05:00,2025-11-01T10:15:00-05:00,2025-11-11T00:15:00-05:00,2025-11-13T23:00:00-05:00,2025-11-16T16:15:00-05:00,,,ACTIVATED,2025-11-16T16:15:00-05:00,ACTIVATED,ACTIVATED,,5,305,289,True,True,16,2025-12-09,39,LATE,False,266,True,True
M120,Miscelánea Roble,Bogotá,SMALL,REFERIDOS,2025-07,2025-07-09T11:45:00-05:00,2025-07-10T03:00:00-05:00,2025-07-14T20:30:00-05:00,2025-07-17T05:30:00-05:00,,,2025-07-27T03:15:00-05:00,ABANDONED,2025-07-27T03:15:00-05:00,APPROVED,ABANDONED,APPROVED,5,419,401,True,False,,,,NOT_APPLICABLE,False,,False,
M121,Floristería Cedro,Pereira,SMALL,ALIADOS,2025-08,2025-08-05T12:45:00-05:00,2025-08-07T13:15:00-05:00,2025-08-17T06:00:00-05:00,,,,,DOCUMENTS_COMPLETED,2025-08-17T06:00:00-05:00,DOCUMENTS_COMPLETED,IN_PROGRESS,,3,392,380,True,False,,,,NOT_APPLICABLE,False,,False,
M122,Farmacia Litoral,Barranquilla,SMALL,VENTA_DIRECTA,2025-10,2025-10-04T16:45:00-05:00,2025-10-05T02:00:00-05:00,2025-10-06T17:00:00-05:00,2025-10-07T22:45:00-05:00,2025-10-12T20:15:00-05:00,,,ACTIVATED,2025-10-12T20:15:00-05:00,ACTIVATED,ACTIVATED,,5,332,324,True,True,8,2025-11-18,45,LATE,False,287,True,True
M123,Mercado Nogal,Bogotá,SMALL,VENTA_DIRECTA,2026-05,2026-05-30T15:15:00-05:00,2026-06-01T10:45:00-05:00,2026-06-04T04:00:00-05:00,2026-06-06T22:15:00-05:00,2026-06-11T11:15:00-05:00,,,ACTIVATED,2026-06-11T11:15:00-05:00,ACTIVATED,ACTIVATED,,5,94,82,True,True,12,2026-06-17,18,ON_TIME,True,76,True,True
M124,Restaurante Colibrí,Bogotá,SMALL,DIGITAL,2025-03,2025-03-06T14:15:00-05:00,2025-03-06T16:30:00-05:00,2025-03-11T13:45:00-05:00,,,,,DOCUMENTS_COMPLETED,2025-03-11T13:45:00-05:00,DOCUMENTS_COMPLETED,IN_PROGRESS,,3,544,539,True,False,,,,NOT_APPLICABLE,False,,False,
M125,Panadería Roble,Bogotá,SMALL,ALIADOS,2025-05,2025-05-29T08:30:00-05:00,2025-05-30T20:15:00-05:00,,,,,2025-06-05T14:45:00-05:00,ABANDONED,2025-06-05T14:45:00-05:00,VALIDATION_STARTED,ABANDONED,VALIDATION_STARTED,3,460,453,True,False,,,,NOT_APPLICABLE,False,,False,
M126,Mercado Sabana,Bogotá,MEDIUM,DIGITAL,2025-07,2025-07-27T11:45:00-05:00,2025-07-28T20:00:00-05:00,2025-08-06T12:30:00-05:00,2025-08-13T06:45:00-05:00,,,2025-08-20T15:45:00-05:00,ABANDONED,2025-08-20T15:45:00-05:00,APPROVED,ABANDONED,APPROVED,5,401,377,True,False,,,,NOT_APPLICABLE,False,,False,
M127,Taller Alameda,Medellín,SMALL,VENTA_DIRECTA,2025-07,2025-07-22T16:30:00-05:00,2025-07-22T23:45:00-05:00,2025-07-24T16:30:00-05:00,2025-07-26T21:15:00-05:00,2025-07-29T17:45:00-05:00,,,ACTIVATED,2025-07-29T17:45:00-05:00,ACTIVATED,ACTIVATED,,5,406,399,True,True,7,2025-07-31,9,ON_TIME,True,397,True,True
M128,Floristería Aurora,Barranquilla,SMALL,VENTA_DIRECTA,2025-11,2025-11-22T16:30:00-05:00,2025-11-24T11:30:00-05:00,2025-12-04T04:00:00-05:00,2025-12-07T04:15:00-05:00,2025-12-11T16:45:00-05:00,,,ACTIVATED,2025-12-11T16:45:00-05:00,ACTIVATED,ACTIVATED,,5,283,264,True,True,19,2025-12-11,19,ON_TIME,True,264,True,True
M129,Miscelánea Coral,Cartagena,SMALL,VENTA_DIRECTA,2026-04,2026-04-09T12:15:00-05:00,2026-04-09T21:45:00-05:00,2026-04-19T04:30:00-05:00,2026-04-22T01:00:00-05:00,2026-04-22T15:30:00-05:00,,,ACTIVATED,2026-04-22T15:30:00-05:00,ACTIVATED,ACTIVATED,,5,145,132,True,True,13,2026-04-24,15,ON_TIME,True,130,True,True
M130,Distribuidora Aurora,Medellín,MEDIUM,ALIADOS,2026-05,2026-05-25T15:45:00-05:00,2026-05-26T00:15:00-05:00,2026-05-30T12:00:00-05:00,2026-06-02T12:00:00-05:00,,,,APPROVED,2026-06-02T12:00:00-05:00,APPROVED,IN_PROGRESS,,4,99,91,True,False,,,,NOT_APPLICABLE,False,,False,
M131,Farmacia Alameda,Bogotá,SMALL,VENTA_DIRECTA,2025-11,2025-11-06T10:00:00-05:00,2025-11-06T12:15:00-05:00,2025-11-08T18:00:00-05:00,,,,2025-11-15T23:45:00-05:00,ABANDONED,2025-11-15T23:45:00-05:00,DOCUMENTS_COMPLETED,ABANDONED,DOCUMENTS_COMPLETED,4,299,290,True,False,,,,NOT_APPLICABLE,False,,False,
M132,Ferretería Cedro,Bucaramanga,MEDIUM,DIGITAL,2026-04,2026-04-01T17:30:00-05:00,2026-04-02T14:45:00-05:00,2026-04-12T07:15:00-05:00,2026-04-17T04:30:00-05:00,2026-04-18T13:15:00-05:00,,,ACTIVATED,2026-04-18T13:15:00-05:00,ACTIVATED,ACTIVATED,,5,153,136,True,True,17,2026-04-21,20,ON_TIME,True,133,True,True
M133,Miscelánea Sabana,Bogotá,SMALL,DIGITAL,2026-03,2026-03-12T13:30:00-05:00,2026-03-14T14:00:00-05:00,2026-03-23T23:45:00-05:00,,,,,DOCUMENTS_COMPLETED,2026-03-23T23:45:00-05:00,DOCUMENTS_COMPLETED,IN_PROGRESS,,3,173,162,True,False,,,,NOT_APPLICABLE,False,,False,
M134,Óptica Colibrí,Medellín,SMALL,REFERIDOS,2026-03,2026-03-20T10:45:00-05:00,2026-03-22T09:45:00-05:00,2026-04-01T10:00:00-05:00,2026-04-08T08:30:00-05:00,2026-04-12T02:15:00-05:00,,,ACTIVATED,2026-04-12T02:15:00-05:00,ACTIVATED,ACTIVATED,,5,165,142,True,True,23,2026-04-16,27,ON_TIME,True,138,True,True
M135,Taller Roble,Bogotá,MEDIUM,REFERIDOS,2025-02,2025-02-21T17:30:00-05:00,2025-02-23T12:15:00-05:00,2025-02-28T07:00:00-05:00,,,2025-03-03T18:00:00-05:00,,REJECTED,2025-03-03T18:00:00-05:00,DOCUMENTS_COMPLETED,REJECTED,DOCUMENTS_COMPLETED,4,557,547,True,False,,,,NOT_APPLICABLE,False,,False,
M136,Librería Alameda,Barranquilla,SMALL,DIGITAL,2026-01,2026-01-15T14:15:00-05:00,2026-01-16T04:45:00-05:00,2026-01-23T04:15:00-05:00,2026-01-28T01:30:00-05:00,2026-01-28T20:30:00-05:00,,,ACTIVATED,2026-01-28T20:30:00-05:00,ACTIVATED,ACTIVATED,,5,229,216,True,True,13,2026-02-02,18,ON_TIME,True,211,True,True
M137,Heladería Marea,Bucaramanga,MEDIUM,VENTA_DIRECTA,2025-06,2025-06-08T09:45:00-05:00,2025-06-10T00:00:00-05:00,2025-06-19T20:15:00-05:00,,,2025-06-20T04:00:00-05:00,,REJECTED,2025-06-20T04:00:00-05:00,DOCUMENTS_COMPLETED,REJECTED,DOCUMENTS_COMPLETED,4,450,438,True,False,,,,NOT_APPLICABLE,False,,False,
M138,Floristería Litoral,Barranquilla,SMALL,DIGITAL,2026-02,2026-02-11T16:30:00-05:00,2026-02-13T04:15:00-05:00,,,,2026-02-15T02:15:00-05:00,,REJECTED,2026-02-15T02:15:00-05:00,VALIDATION_STARTED,REJECTED,VALIDATION_STARTED,3,202,198,True,False,,,,NOT_APPLICABLE,False,,False,
M139,Restaurante Alameda,Cartagena,SMALL,DIGITAL,2026-05,2026-05-03T17:45:00-05:00,2026-05-04T10:15:00-05:00,2026-05-07T03:30:00-05:00,,,2026-05-08T04:30:00-05:00,,REJECTED,2026-05-08T04:30:00-05:00,DOCUMENTS_COMPLETED,REJECTED,DOCUMENTS_COMPLETED,4,121,116,True,False,,,,NOT_APPLICABLE,False,,False,
M140,Restaurante Andino,Cali,SMALL,DIGITAL,2025-01,2025-01-31T13:45:00-05:00,2025-02-01T08:15:00-05:00,2025-02-11T08:45:00-05:00,2025-02-13T05:00:00-05:00,,,,APPROVED,2025-02-13T05:00:00-05:00,APPROVED,IN_PROGRESS,,4,578,565,True,False,,,,NOT_APPLICABLE,False,,False,
M141,Farmacia Colibrí,Cali,SMALL,VENTA_DIRECTA,2025-04,2025-04-24T17:45:00-05:00,2025-04-26T06:30:00-05:00,2025-05-01T15:45:00-05:00,,,,,DOCUMENTS_COMPLETED,2025-05-01T15:45:00-05:00,DOCUMENTS_COMPLETED,IN_PROGRESS,,3,495,488,True,False,,,,NOT_APPLICABLE,False,,False,
M142,Café Andino,Bogotá,SMALL,ALIADOS,2026-03,2026-03-15T10:30:00-05:00,2026-03-16T23:00:00-05:00,2026-03-18T20:30:00-05:00,,,2026-03-21T05:30:00-05:00,,REJECTED,2026-03-21T05:30:00-05:00,DOCUMENTS_COMPLETED,REJECTED,DOCUMENTS_COMPLETED,4,170,164,True,False,,,,NOT_APPLICABLE,False,,False,
M143,Floristería Esmeralda,Medellín,SMALL,DIGITAL,2026-05,2026-05-26T12:15:00-05:00,2026-05-28T05:30:00-05:00,2026-06-04T14:00:00-05:00,2026-06-10T10:15:00-05:00,2026-06-11T07:00:00-05:00,,,ACTIVATED,2026-06-11T07:00:00-05:00,ACTIVATED,ACTIVATED,,5,98,82,True,True,16,2026-06-17,22,ON_TIME,True,76,True,True
M144,Miscelánea Litoral,Cali,SMALL,DIGITAL,2025-09,2025-09-05T16:00:00-05:00,2025-09-06T12:00:00-05:00,2025-09-10T03:15:00-05:00,,,2025-09-12T11:45:00-05:00,,REJECTED,2025-09-12T11:45:00-05:00,DOCUMENTS_COMPLETED,REJECTED,DOCUMENTS_COMPLETED,4,361,354,True,False,,,,NOT_APPLICABLE,False,,False,
M145,Taller Nébula,Bogotá,MEDIUM,ALIADOS,2026-04,2026-04-22T13:00:00-05:00,2026-04-22T17:30:00-05:00,2026-04-25T00:00:00-05:00,2026-05-01T04:15:00-05:00,2026-05-02T01:15:00-05:00,,,ACTIVATED,2026-05-02T01:15:00-05:00,ACTIVATED,ACTIVATED,,5,132,122,True,True,10,2026-05-07,15,ON_TIME,True,117,True,True
M146,Librería Sol,Bogotá,SMALL,VENTA_DIRECTA,2025-09,2025-09-19T11:00:00-05:00,2025-09-20T01:45:00-05:00,,,,,2025-09-22T01:45:00-05:00,ABANDONED,2025-09-22T01:45:00-05:00,VALIDATION_STARTED,ABANDONED,VALIDATION_STARTED,3,347,344,True,False,,,,NOT_APPLICABLE,False,,False,
M147,Heladería Alameda,Bucaramanga,SMALL,REFERIDOS,2025-02,2025-02-12T09:30:00-05:00,2025-02-13T04:45:00-05:00,2025-02-17T15:45:00-05:00,2025-02-20T05:45:00-05:00,2025-02-23T04:15:00-05:00,,,ACTIVATED,2025-02-23T04:15:00-05:00,ACTIVATED,ACTIVATED,,5,566,555,True,True,11,2025-03-02,18,ON_TIME,True,548,True,True
M148,Librería Manzano,Bogotá,MEDIUM,REFERIDOS,2026-05,2026-05-05T15:30:00-05:00,2026-05-07T01:45:00-05:00,2026-05-15T05:45:00-05:00,2026-05-20T07:15:00-05:00,2026-05-21T01:45:00-05:00,,,ACTIVATED,2026-05-21T01:45:00-05:00,ACTIVATED,ACTIVATED,,5,119,103,True,True,16,2026-05-24,19,ON_TIME,True,100,True,True
M149,Panadería Cedro,Pereira,SMALL,DIGITAL,2025-02,2025-02-14T09:30:00-05:00,2025-02-15T23:45:00-05:00,,,,,2025-02-23T11:30:00-05:00,ABANDONED,2025-02-23T11:30:00-05:00,VALIDATION_STARTED,ABANDONED,VALIDATION_STARTED,3,564,555,True,False,,,,NOT_APPLICABLE,False,,False,
M150,Farmacia Manzano,Barranquilla,SMALL,ALIADOS,2025-04,2025-04-04T13:30:00-05:00,2025-04-05T23:45:00-05:00,2025-04-08T18:00:00-05:00,2025-04-14T14:15:00-05:00,2025-04-17T21:30:00-05:00,,,ACTIVATED,2025-04-17T21:30:00-05:00,ACTIVATED,ACTIVATED,,5,515,502,True,True,13,2025-04-22,18,ON_TIME,True,497,True,True
M151,Boutique Aurora,Bogotá,SMALL,VENTA_DIRECTA,2026-04,2026-04-22T13:30:00-05:00,2026-04-24T00:00:00-05:00,2026-04-25T18:00:00-05:00,2026-05-01T00:30:00-05:00,2026-05-02T16:00:00-05:00,,,ACTIVATED,2026-05-02T16:00:00-05:00,ACTIVATED,ACTIVATED,,5,132,122,True,True,10,2026-05-04,12,ON_TIME,True,120,True,True
M152,Farmacia Nébula,Cartagena,SMALL,DIGITAL,2025-08,2025-08-14T15:30:00-05:00,2025-08-16T04:15:00-05:00,2025-08-24T14:45:00-05:00,2025-08-28T10:00:00-05:00,2025-08-29T14:30:00-05:00,,,ACTIVATED,2025-08-29T14:30:00-05:00,ACTIVATED,ACTIVATED,,5,383,368,True,True,15,2025-08-31,17,ON_TIME,True,366,True,True
M153,Papelería Boreal,Bogotá,SMALL,ALIADOS,2026-08,2026-08-07T08:00:00-05:00,2026-08-08T05:45:00-05:00,2026-08-10T05:00:00-05:00,2026-08-11T10:45:00-05:00,2026-08-15T04:30:00-05:00,,,ACTIVATED,2026-08-15T04:30:00-05:00,ACTIVATED,ACTIVATED,,5,25,17,False,True,8,2026-08-17,10,ON_TIME,,15,False,
M154,Taller Guayacán,Pereira,SMALL,DIGITAL,2025-03,2025-03-13T13:45:00-05:00,2025-03-14T02:30:00-05:00,,,,,2025-03-18T20:00:00-05:00,ABANDONED,2025-03-18T20:00:00-05:00,VALIDATION_STARTED,ABANDONED,VALIDATION_STARTED,3,537,532,True,False,,,,NOT_APPLICABLE,False,,False,
M155,Miscelánea Marea,Medellín,SMALL,ALIADOS,2026-08,2026-08-19T14:00:00-05:00,2026-08-21T05:00:00-05:00,2026-08-28T06:00:00-05:00,,,,,DOCUMENTS_COMPLETED,2026-08-28T06:00:00-05:00,DOCUMENTS_COMPLETED,IN_PROGRESS,,3,13,4,False,False,,,,NOT_APPLICABLE,,,False,
M156,Boutique Litoral,Medellín,SMALL,DIGITAL,2026-06,2026-06-19T16:30:00-05:00,2026-06-19T23:15:00-05:00,2026-06-28T04:30:00-05:00,2026-07-02T07:00:00-05:00,2026-07-06T05:15:00-05:00,,,ACTIVATED,2026-07-06T05:15:00-05:00,ACTIVATED,ACTIVATED,,5,74,57,True,True,17,2026-07-09,20,ON_TIME,True,54,True,True
M157,Panadería Colibrí,Cali,MEDIUM,VENTA_DIRECTA,2026-08,2026-08-28T10:00:00-05:00,2026-08-30T09:30:00-05:00,,,,,,VALIDATION_STARTED,2026-08-30T09:30:00-05:00,VALIDATION_STARTED,IN_PROGRESS,,2,4,2,False,False,,,,NOT_APPLICABLE,,,False,
M158,Café Granada,Cali,MEDIUM,ALIADOS,2026-06,2026-06-12T12:45:00-05:00,2026-06-12T21:45:00-05:00,2026-06-22T19:30:00-05:00,2026-06-27T04:45:00-05:00,2026-07-02T03:30:00-05:00,,,ACTIVATED,2026-07-02T03:30:00-05:00,ACTIVATED,ACTIVATED,,5,81,61,True,True,20,2026-07-09,27,ON_TIME,True,54,True,True
M159,Farmacia Granada,Medellín,MEDIUM,ALIADOS,2026-05,2026-05-15T13:15:00-05:00,2026-05-17T04:45:00-05:00,2026-05-19T06:15:00-05:00,2026-05-25T12:45:00-05:00,2026-05-29T20:45:00-05:00,,,ACTIVATED,2026-05-29T20:45:00-05:00,ACTIVATED,ACTIVATED,,5,109,95,True,True,14,2026-06-04,20,ON_TIME,True,89,True,True
M160,Mercado Horizonte,Bogotá,MEDIUM,DIGITAL,2025-04,2025-04-25T15:45:00-05:00,2025-04-26T09:15:00-05:00,2025-05-05T19:30:00-05:00,2025-05-10T13:30:00-05:00,2025-05-12T06:45:00-05:00,,,ACTIVATED,2025-05-12T06:45:00-05:00,ACTIVATED,ACTIVATED,,5,494,477,True,True,17,2025-05-14,19,ON_TIME,True,475,True,True
M161,Heladería Roble,Barranquilla,SMALL,DIGITAL,2025-02,2025-02-03T12:15:00-05:00,2025-02-04T10:30:00-05:00,2025-02-14T04:15:00-05:00,2025-02-20T13:45:00-05:00,2025-02-21T08:45:00-05:00,,,ACTIVATED,2025-02-21T08:45:00-05:00,ACTIVATED,ACTIVATED,,5,575,557,True,True,18,2025-02-25,22,ON_TIME,True,553,True,True
M162,Farmacia Marea,Medellín,SMALL,REFERIDOS,2025-12,2025-12-11T16:45:00-05:00,2025-12-12T23:30:00-05:00,2025-12-17T22:30:00-05:00,2025-12-23T15:45:00-05:00,,,2025-12-29T18:15:00-05:00,ABANDONED,2025-12-29T18:15:00-05:00,APPROVED,ABANDONED,APPROVED,5,264,246,True,False,,,,NOT_APPLICABLE,False,,False,
M163,Ferretería Coral,Medellín,SMALL,DIGITAL,2025-02,2025-02-07T11:45:00-05:00,2025-02-07T15:30:00-05:00,2025-02-11T21:30:00-05:00,2025-02-15T14:15:00-05:00,2025-02-17T07:45:00-05:00,,,ACTIVATED,2025-02-17T07:45:00-05:00,ACTIVATED,ACTIVATED,,5,571,561,True,True,10,,,NOT_OBSERVED,False,,False,
M164,Óptica Coral,Cali,SMALL,VENTA_DIRECTA,2026-03,2026-03-15T17:30:00-05:00,2026-03-17T04:45:00-05:00,,,,,,VALIDATION_STARTED,2026-03-17T04:45:00-05:00,VALIDATION_STARTED,IN_PROGRESS,,2,170,168,True,False,,,,NOT_APPLICABLE,False,,False,
M165,Papelería Aurora,Cali,SMALL,DIGITAL,2025-09,2025-09-20T14:00:00-05:00,2025-09-21T21:30:00-05:00,2025-10-01T08:45:00-05:00,2025-10-06T07:45:00-05:00,2025-10-10T01:00:00-05:00,,,ACTIVATED,2025-10-10T01:00:00-05:00,ACTIVATED,ACTIVATED,,5,346,326,True,True,20,2025-10-24,34,LATE,False,312,True,True
M166,Mercado Granada,Bucaramanga,MEDIUM,VENTA_DIRECTA,2026-06,2026-06-10T15:15:00-05:00,2026-06-12T09:30:00-05:00,2026-06-13T14:15:00-05:00,,,,,DOCUMENTS_COMPLETED,2026-06-13T14:15:00-05:00,DOCUMENTS_COMPLETED,IN_PROGRESS,,3,83,80,True,False,,,,NOT_APPLICABLE,False,,False,
M167,Ferretería Alameda,Medellín,MEDIUM,ALIADOS,2026-01,2026-01-22T15:30:00-05:00,,,,,,2026-01-27T05:00:00-05:00,ABANDONED,2026-01-27T05:00:00-05:00,REGISTERED,ABANDONED,REGISTERED,2,222,217,True,False,,,,NOT_APPLICABLE,False,,False,
M168,Papelería Granada,Cali,SMALL,DIGITAL,2026-06,2026-06-10T16:45:00-05:00,2026-06-11T14:45:00-05:00,2026-06-18T07:45:00-05:00,2026-06-23T10:15:00-05:00,2026-06-24T17:00:00-05:00,,,ACTIVATED,2026-06-24T17:00:00-05:00,ACTIVATED,ACTIVATED,,5,83,69,True,True,14,2026-06-30,20,ON_TIME,True,63,True,True
M169,Restaurante Marea,Bogotá,SMALL,DIGITAL,2025-03,2025-03-04T11:30:00-05:00,2025-03-06T01:30:00-05:00,2025-03-13T20:15:00-05:00,2025-03-17T12:45:00-05:00,2025-03-21T16:45:00-05:00,,,ACTIVATED,2025-03-21T16:45:00-05:00,ACTIVATED,ACTIVATED,,5,546,529,True,True,17,2025-03-26,22,ON_TIME,True,524,True,True
M170,Óptica Boreal,Pereira,MEDIUM,REFERIDOS,2025-11,2025-11-02T17:30:00-05:00,2025-11-03T13:45:00-05:00,2025-11-13T09:15:00-05:00,,,2025-11-15T00:45:00-05:00,,REJECTED,2025-11-15T00:45:00-05:00,DOCUMENTS_COMPLETED,REJECTED,DOCUMENTS_COMPLETED,4,303,290,True,False,,,,NOT_APPLICABLE,False,,False,
M171,Panadería Horizonte,Barranquilla,SMALL,VENTA_DIRECTA,2026-08,2026-08-19T15:15:00-05:00,2026-08-21T04:30:00-05:00,2026-08-25T01:45:00-05:00,2026-08-26T17:15:00-05:00,2026-08-28T07:45:00-05:00,,,ACTIVATED,2026-08-28T07:45:00-05:00,ACTIVATED,ACTIVATED,,5,13,4,False,True,9,2026-08-31,12,ON_TIME,,1,False,
M172,Mercado Esmeralda,Cartagena,SMALL,VENTA_DIRECTA,2026-06,2026-06-13T14:30:00-05:00,2026-06-14T22:00:00-05:00,2026-06-20T16:45:00-05:00,,,2026-06-22T13:30:00-05:00,,REJECTED,2026-06-22T13:30:00-05:00,DOCUMENTS_COMPLETED,REJECTED,DOCUMENTS_COMPLETED,4,80,71,True,False,,,,NOT_APPLICABLE,False,,False,
M173,Librería Aurora,Barranquilla,SMALL,REFERIDOS,2026-04,2026-04-25T14:15:00-05:00,2026-04-26T04:15:00-05:00,2026-05-01T02:30:00-05:00,2026-05-06T05:00:00-05:00,2026-05-09T13:45:00-05:00,,,ACTIVATED,2026-05-09T13:45:00-05:00,ACTIVATED,ACTIVATED,,5,129,115,True,True,14,2026-05-12,17,ON_TIME,True,112,True,True
M174,Mercado Cedro,Cartagena,MEDIUM,DIGITAL,2025-08,2025-08-21T13:00:00-05:00,2025-08-22T02:15:00-05:00,2025-08-31T22:15:00-05:00,2025-09-07T06:30:00-05:00,2025-09-09T07:15:00-05:00,,,ACTIVATED,2025-09-09T07:15:00-05:00,ACTIVATED,ACTIVATED,,5,376,357,True,True,19,2025-09-14,24,ON_TIME,True,352,True,True
M175,Heladería Aurora,Pereira,SMALL,ALIADOS,2026-01,2026-01-13T14:45:00-05:00,2026-01-14T11:30:00-05:00,2026-01-20T15:30:00-05:00,2026-01-25T03:30:00-05:00,2026-01-28T12:30:00-05:00,,,ACTIVATED,2026-01-28T12:30:00-05:00,ACTIVATED,ACTIVATED,,5,231,216,True,True,15,2026-02-02,20,ON_TIME,True,211,True,True
M176,Floristería Manzano,Cali,SMALL,VENTA_DIRECTA,2025-02,2025-02-12T11:15:00-05:00,2025-02-12T16:30:00-05:00,2025-02-18T13:15:00-05:00,2025-02-24T09:45:00-05:00,2025-02-27T17:30:00-05:00,,,ACTIVATED,2025-02-27T17:30:00-05:00,ACTIVATED,ACTIVATED,,5,566,551,True,True,15,2025-03-21,37,LATE,False,529,True,True
M177,Boutique Nébula,Bogotá,SMALL,ALIADOS,2025-10,2025-10-17T11:15:00-05:00,2025-10-18T02:00:00-05:00,2025-10-20T21:30:00-05:00,2025-10-26T20:45:00-05:00,2025-10-30T03:45:00-05:00,,,ACTIVATED,2025-10-30T03:45:00-05:00,ACTIVATED,ACTIVATED,,5,319,306,True,True,13,,,NOT_OBSERVED,False,,False,
M178,Mercado Marea,Bogotá,SMALL,ALIADOS,2026-01,2026-01-07T12:00:00-05:00,2026-01-07T15:15:00-05:00,,,,,2026-01-13T16:45:00-05:00,ABANDONED,2026-01-13T16:45:00-05:00,VALIDATION_STARTED,ABANDONED,VALIDATION_STARTED,3,237,231,True,False,,,,NOT_APPLICABLE,False,,False,
M179,Distribuidora Esmeralda,Bogotá,SMALL,DIGITAL,2026-03,2026-03-15T17:30:00-05:00,2026-03-17T05:45:00-05:00,2026-03-20T16:00:00-05:00,2026-03-22T03:00:00-05:00,2026-03-25T19:30:00-05:00,,,ACTIVATED,2026-03-25T19:30:00-05:00,ACTIVATED,ACTIVATED,,5,170,160,True,True,10,2026-03-28,13,ON_TIME,True,157,True,True
M180,Taller Sabana,Medellín,SMALL,DIGITAL,2025-03,2025-03-08T12:45:00-05:00,2025-03-09T03:30:00-05:00,,,,,2025-03-10T11:00:00-05:00,ABANDONED,2025-03-10T11:00:00-05:00,VALIDATION_STARTED,ABANDONED,VALIDATION_STARTED,3,542,540,True,False,,,,NOT_APPLICABLE,False,,False,
