onboarding_event_id,merchant_id,event_type,event_at
OE0001,M001,REGISTERED,2025-01-01T09:00:00-05:00
OE0002,M001,VALIDATION_STARTED,2025-01-03T02:00:00-05:00
OE0003,M001,DOCUMENTS_COMPLETED,2025-01-09T04:30:00-05:00
OE0004,M001,APPROVED,2025-01-11T16:15:00-05:00
OE0005,M001,ACTIVATED,2025-01-12T15:15:00-05:00
OE0006,M002,REGISTERED,2025-01-08T10:00:00-05:00
OE0007,M002,VALIDATION_STARTED,2025-01-09T18:00:00-05:00
OE0008,M002,DOCUMENTS_COMPLETED,2025-01-17T18:00:00-05:00
OE0009,M002,REJECTED,2025-01-20T15:15:00-05:00
OE0010,M003,REGISTERED,2025-01-15T11:00:00-05:00
OE0011,M003,VALIDATION_STARTED,2025-01-16T23:15:00-05:00
OE0012,M003,ABANDONED,2025-01-22T10:15:00-05:00
OE0013,M004,REGISTERED,2025-01-22T12:00:00-05:00
OE0014,M004,VALIDATION_STARTED,2025-01-23T13:00:00-05:00
OE0015,M004,DOCUMENTS_COMPLETED,2025-01-26T07:00:00-05:00
OE0016,M005,REGISTERED,2025-02-01T10:30:00-05:00
OE0017,M005,VALIDATION_STARTED,2025-02-02T14:30:00-05:00
OE0018,M005,DOCUMENTS_COMPLETED,2025-02-10T13:00:00-05:00
OE0019,M006,REGISTERED,2025-03-29T13:15:00-05:00
OE0020,M006,VALIDATION_STARTED,2025-03-29T16:00:00-05:00
OE0021,M006,DOCUMENTS_COMPLETED,2025-04-07T03:00:00-05:00
OE0022,M006,APPROVED,2025-04-09T16:15:00-05:00
OE0023,M006,ACTIVATED,2025-04-10T11:45:00-05:00
OE0024,M007,REGISTERED,2025-10-19T12:45:00-05:00
OE0025,M007,VALIDATION_STARTED,2025-10-20T05:00:00-05:00
OE0026,M007,DOCUMENTS_COMPLETED,2025-10-28T12:00:00-05:00
OE0027,M007,APPROVED,2025-11-02T06:45:00-05:00
OE0028,M007,ACTIVATED,2025-11-06T19:30:00-05:00
OE0029,M008,REGISTERED,2026-05-02T17:30:00-05:00
OE0030,M008,VALIDATION_STARTED,2026-05-02T22:30:00-05:00
OE0031,M008,DOCUMENTS_COMPLETED,2026-05-12T18:00:00-05:00
OE0032,M008,APPROVED,2026-05-15T07:30:00-05:00
OE0033,M008,ACTIVATED,2026-05-16T20:45:00-05:00
OE0034,M009,REGISTERED,2026-07-24T12:15:00-05:00
OE0035,M009,VALIDATION_STARTED,2026-07-25T15:45:00-05:00
OE0036,M009,DOCUMENTS_COMPLETED,2026-07-31T19:15:00-05:00
OE0037,M009,APPROVED,2026-08-06T08:15:00-05:00
OE0038,M009,ACTIVATED,2026-08-07T13:00:00-05:00
OE0039,M010,REGISTERED,2026-08-07T17:45:00-05:00
OE0040,M010,VALIDATION_STARTED,2026-08-09T07:45:00-05:00
OE0041,M010,DOCUMENTS_COMPLETED,2026-08-10T08:30:00-05:00
OE0042,M010,APPROVED,2026-08-14T14:30:00-05:00
OE0043,M010,ACTIVATED,2026-08-18T07:45:00-05:00
OE0044,M011,REGISTERED,2026-08-28T15:15:00-05:00
OE0045,M011,VALIDATION_STARTED,2026-08-30T00:00:00-05:00
OE0046,M012,REGISTERED,2025-10-21T14:45:00-05:00
OE0047,M012,VALIDATION_STARTED,2025-10-23T06:45:00-05:00
OE0048,M012,DOCUMENTS_COMPLETED,2025-10-25T15:15:00-05:00
OE0049,M012,APPROVED,2025-10-26T21:30:00-05:00
OE0050,M012,ACTIVATED,2025-10-29T03:15:00-05:00
OE0051,M013,REGISTERED,2025-08-26T12:45:00-05:00
OE0052,M013,ABANDONED,2025-08-28T03:00:00-05:00
OE0053,M014,REGISTERED,2026-03-26T11:00:00-05:00
OE0054,M014,VALIDATION_STARTED,2026-03-27T05:00:00-05:00
OE0055,M014,DOCUMENTS_COMPLETED,2026-03-31T09:00:00-05:00
OE0056,M014,APPROVED,2026-04-05T22:15:00-05:00
OE0057,M014,ACTIVATED,2026-04-07T00:30:00-05:00
OE0058,M015,REGISTERED,2025-08-06T14:15:00-05:00
OE0059,M015,VALIDATION_STARTED,2025-08-06T23:00:00-05:00
OE0060,M015,DOCUMENTS_COMPLETED,2025-08-10T15:30:00-05:00
OE0061,M015,APPROVED,2025-08-15T02:15:00-05:00
OE0062,M015,ACTIVATED,2025-08-19T21:15:00-05:00
OE0063,M016,REGISTERED,2025-11-19T13:15:00-05:00
OE0064,M016,VALIDATION_STARTED,2025-11-19T14:30:00-05:00
OE0065,M016,DOCUMENTS_COMPLETED,2025-11-21T22:00:00-05:00
OE0066,M016,APPROVED,2025-11-28T15:15:00-05:00
OE0067,M016,ACTIVATED,2025-12-01T00:30:00-05:00
OE0068,M017,REGISTERED,2025-08-25T09:45:00-05:00
OE0069,M017,VALIDATION_STARTED,2025-08-26T19:00:00-05:00
OE0070,M018,REGISTERED,2026-06-21T09:45:00-05:00
OE0071,M018,VALIDATION_STARTED,2026-06-23T08:15:00-05:00
OE0072,M018,DOCUMENTS_COMPLETED,2026-06-25T06:00:00-05:00
OE0073,M018,APPROVED,2026-06-26T13:15:00-05:00
OE0074,M018,ACTIVATED,2026-07-01T08:30:00-05:00
OE0075,M019,REGISTERED,2026-06-01T15:00:00-05:00
OE0076,M019,VALIDATION_STARTED,2026-06-02T03:00:00-05:00
OE0077,M019,DOCUMENTS_COMPLETED,2026-06-08T15:30:00-05:00
OE0078,M019,APPROVED,2026-06-11T14:00:00-05:00
OE0079,M019,ACTIVATED,2026-06-14T12:45:00-05:00
OE0080,M020,REGISTERED,2025-12-04T08:30:00-05:00
OE0081,M020,VALIDATION_STARTED,2025-12-04T11:45:00-05:00
OE0082,M020,ABANDONED,2025-12-11T15:45:00-05:00
OE0083,M021,REGISTERED,2026-06-16T10:45:00-05:00
OE0084,M021,VALIDATION_STARTED,2026-06-17T14:30:00-05:00
OE0085,M021,DOCUMENTS_COMPLETED,2026-06-25T11:45:00-05:00
OE0086,M021,APPROVED,2026-06-27T23:45:00-05:00
OE0087,M021,ACTIVATED,2026-07-02T03:00:00-05:00
OE0088,M022,REGISTERED,2026-06-13T14:00:00-05:00
OE0089,M022,VALIDATION_STARTED,2026-06-14T09:45:00-05:00
OE0090,M022,ABANDONED,2026-06-22T05:00:00-05:00
OE0091,M023,REGISTERED,2025-12-05T13:15:00-05:00
OE0092,M023,ABANDONED,2025-12-15T05:00:00-05:00
OE0093,M024,REGISTERED,2026-07-19T08:45:00-05:00
OE0094,M024,VALIDATION_STARTED,2026-07-21T08:00:00-05:00
OE0095,M024,DOCUMENTS_COMPLETED,2026-07-27T03:30:00-05:00
OE0096,M024,APPROVED,2026-07-29T06:45:00-05:00
OE0097,M024,ACTIVATED,2026-07-30T13:45:00-05:00
OE0098,M025,REGISTERED,2025-12-14T12:15:00-05:00
OE0099,M025,VALIDATION_STARTED,2025-12-15T12:00:00-05:00
OE0100,M025,DOCUMENTS_COMPLETED,2025-12-24T13:45:00-05:00
OE0101,M025,APPROVED,2025-12-27T16:45:00-05:00
OE0102,M025,ACTIVATED,2025-12-31T22:30:00-05:00
OE0103,M026,REGISTERED,2025-02-22T16:45:00-05:00
OE0104,M026,VALIDATION_STARTED,2025-02-23T04:15:00-05:00
OE0105,M026,DOCUMENTS_COMPLETED,2025-02-27T06:15:00-05:00
OE0106,M026,APPROVED,2025-03-04T15:15:00-05:00
OE0107,M026,ACTIVATED,2025-03-08T16:00:00-05:00
OE0108,M027,REGISTERED,2026-04-25T11:30:00-05:00
OE0109,M027,VALIDATION_STARTED,2026-04-26T13:30:00-05:00
OE0110,M027,DOCUMENTS_COMPLETED,2026-05-05T07:15:00-05:00
OE0111,M027,REJECTED,2026-05-08T07:00:00-05:00
OE0112,M028,REGISTERED,2026-08-12T16:15:00-05:00
OE0113,M028,ABANDONED,2026-08-15T14:00:00-05:00
OE0114,M029,REGISTERED,2025-12-11T16:30:00-05:00
OE0115,M029,VALIDATION_STARTED,2025-12-11T22:15:00-05:00
OE0116,M029,DOCUMENTS_COMPLETED,2025-12-20T09:30:00-05:00
OE0117,M029,APPROVED,2025-12-22T16:45:00-05:00
OE0118,M029,ACTIVATED,2025-12-23T18:00:00-05:00
OE0119,M030,REGISTERED,2026-03-20T15:00:00-05:00
OE0120,M030,VALIDATION_STARTED,2026-03-20T16:45:00-05:00
OE0121,M030,DOCUMENTS_COMPLETED,2026-03-29T02:45:00-05:00
OE0122,M030,APPROVED,2026-04-02T15:30:00-05:00
OE0123,M030,ABANDONED,2026-04-12T09:30:00-05:00
OE0124,M031,REGISTERED,2025-05-22T13:15:00-05:00
OE0125,M031,VALIDATION_STARTED,2025-05-24T01:45:00-05:00
OE0126,M031,ABANDONED,2025-06-02T15:30:00-05:00
OE0127,M032,REGISTERED,2026-02-22T10:30:00-05:00
OE0128,M032,VALIDATION_STARTED,2026-02-24T10:45:00-05:00
OE0129,M032,DOCUMENTS_COMPLETED,2026-02-25T15:00:00-05:00
OE0130,M032,ABANDONED,2026-03-04T17:00:00-05:00
OE0131,M033,REGISTERED,2026-07-13T11:00:00-05:00
OE0132,M033,VALIDATION_STARTED,2026-07-14T19:30:00-05:00
OE0133,M033,DOCUMENTS_COMPLETED,2026-07-22T19:45:00-05:00
OE0134,M033,APPROVED,2026-07-28T09:45:00-05:00
OE0135,M033,ACTIVATED,2026-07-31T17:00:00-05:00
OE0136,M034,REGISTERED,2026-08-31T11:00:00-05:00
OE0137,M034,VALIDATION_STARTED,2026-08-31T19:45:00-05:00
OE0138,M035,REGISTERED,2025-03-19T10:15:00-05:00
OE0139,M035,VALIDATION_STARTED,2025-03-20T11:15:00-05:00
OE0140,M035,DOCUMENTS_COMPLETED,2025-03-28T09:45:00-05:00
OE0141,M035,APPROVED,2025-03-31T10:45:00-05:00
OE0142,M035,ACTIVATED,2025-04-02T12:45:00-05:00
OE0143,M036,REGISTERED,2025-01-30T14:30:00-05:00
OE0144,M036,VALIDATION_STARTED,2025-01-31T18:15:00-05:00
OE0145,M036,DOCUMENTS_COMPLETED,2025-02-06T06:15:00-05:00
OE0146,M036,APPROVED,2025-02-07T15:15:00-05:00
OE0147,M036,ACTIVATED,2025-02-10T08:00:00-05:00
OE0148,M037,REGISTERED,2025-06-10T17:00:00-05:00
OE0149,M037,VALIDATION_STARTED,2025-06-11T05:00:00-05:00
OE0150,M038,REGISTERED,2025-08-27T14:00:00-05:00
OE0151,M038,VALIDATION_STARTED,2025-08-28T04:30:00-05:00
OE0152,M038,REJECTED,2025-08-31T09:15:00-05:00
OE0153,M039,REGISTERED,2025-06-06T17:30:00-05:00
OE0154,M039,VALIDATION_STARTED,2025-06-07T04:45:00-05:00
OE0155,M039,DOCUMENTS_COMPLETED,2025-06-11T22:30:00-05:00
OE0156,M039,APPROVED,2025-06-15T15:30:00-05:00
OE0157,M039,ACTIVATED,2025-06-18T18:00:00-05:00
OE0158,M040,REGISTERED,2026-05-15T09:45:00-05:00
OE0159,M040,VALIDATION_STARTED,2026-05-16T06:30:00-05:00
OE0160,M040,DOCUMENTS_COMPLETED,2026-05-26T00:30:00-05:00
OE0161,M040,APPROVED,2026-05-30T08:45:00-05:00
OE0162,M040,ACTIVATED,2026-06-01T04:30:00-05:00
OE0163,M041,REGISTERED,2026-04-15T13:00:00-05:00
OE0164,M041,VALIDATION_STARTED,2026-04-17T06:30:00-05:00
OE0165,M041,DOCUMENTS_COMPLETED,2026-04-25T04:15:00-05:00
OE0166,M041,APPROVED,2026-05-01T00:30:00-05:00
OE0167,M042,REGISTERED,2025-12-06T10:30:00-05:00
OE0168,M042,VALIDATION_STARTED,2025-12-07T06:30:00-05:00
OE0169,M042,DOCUMENTS_COMPLETED,2025-12-14T01:45:00-05:00
OE0170,M042,ABANDONED,2025-12-20T03:45:00-05:00
OE0171,M043,REGISTERED,2026-06-20T12:45:00-05:00
OE0172,M043,VALIDATION_STARTED,2026-06-21T06:30:00-05:00
OE0173,M043,DOCUMENTS_COMPLETED,2026-06-26T15:30:00-05:00
OE0174,M043,APPROVED,2026-06-29T22:45:00-05:00
OE0175,M043,ACTIVATED,2026-07-03T10:15:00-05:00
OE0176,M044,REGISTERED,2026-08-11T08:30:00-05:00
OE0177,M044,VALIDATION_STARTED,2026-08-12T15:15:00-05:00
OE0178,M045,REGISTERED,2025-07-30T13:45:00-05:00
OE0179,M045,VALIDATION_STARTED,2025-08-01T10:00:00-05:00
OE0180,M045,DOCUMENTS_COMPLETED,2025-08-09T18:30:00-05:00
OE0181,M045,APPROVED,2025-08-16T02:30:00-05:00
OE0182,M045,ACTIVATED,2025-08-20T19:30:00-05:00
OE0183,M046,REGISTERED,2026-05-09T09:45:00-05:00
OE0184,M046,VALIDATION_STARTED,2026-05-10T09:45:00-05:00
OE0185,M046,REJECTED,2026-05-13T13:00:00-05:00
OE0186,M047,REGISTERED,2026-05-18T13:15:00-05:00
OE0187,M047,VALIDATION_STARTED,2026-05-19T17:00:00-05:00
OE0188,M047,DOCUMENTS_COMPLETED,2026-05-20T19:45:00-05:00
OE0189,M047,REJECTED,2026-05-21T15:30:00-05:00
OE0190,M048,REGISTERED,2025-05-29T17:00:00-05:00
OE0191,M048,VALIDATION_STARTED,2025-05-31T11:45:00-05:00
OE0192,M049,REGISTERED,2025-09-25T14:30:00-05:00
OE0193,M049,ABANDONED,2025-09-30T18:45:00-05:00
OE0194,M050,REGISTERED,2025-07-05T12:00:00-05:00
OE0195,M050,VALIDATION_STARTED,2025-07-06T22:45:00-05:00
OE0196,M050,REJECTED,2025-07-08T14:15:00-05:00
OE0197,M051,REGISTERED,2026-04-25T11:30:00-05:00
OE0198,M051,VALIDATION_STARTED,2026-04-26T16:00:00-05:00
OE0199,M051,DOCUMENTS_COMPLETED,2026-05-03T22:00:00-05:00
OE0200,M051,APPROVED,2026-05-08T01:30:00-05:00
OE0201,M051,ACTIVATED,2026-05-12T00:45:00-05:00
OE0202,M052,REGISTERED,2026-06-09T09:45:00-05:00
OE0203,M052,VALIDATION_STARTED,2026-06-11T01:15:00-05:00
OE0204,M052,DOCUMENTS_COMPLETED,2026-06-16T18:00:00-05:00
OE0205,M052,APPROVED,2026-06-21T13:45:00-05:00
OE0206,M052,ACTIVATED,2026-06-24T23:30:00-05:00
OE0207,M053,REGISTERED,2025-03-28T09:15:00-05:00
OE0208,M053,VALIDATION_STARTED,2025-03-30T07:30:00-05:00
OE0209,M053,DOCUMENTS_COMPLETED,2025-04-04T05:30:00-05:00
OE0210,M054,REGISTERED,2025-01-19T14:45:00-05:00
OE0211,M054,VALIDATION_STARTED,2025-01-20T18:00:00-05:00
OE0212,M054,DOCUMENTS_COMPLETED,2025-01-26T03:30:00-05:00
OE0213,M054,APPROVED,2025-01-31T11:30:00-05:00
OE0214,M054,ACTIVATED,2025-02-05T05:45:00-05:00
OE0215,M055,REGISTERED,2026-03-12T14:15:00-05:00
OE0216,M055,VALIDATION_STARTED,2026-03-13T09:00:00-05:00
OE0217,M055,DOCUMENTS_COMPLETED,2026-03-22T22:30:00-05:00
OE0218,M055,APPROVED,2026-03-28T12:45:00-05:00
OE0219,M055,ABANDONED,2026-04-06T23:30:00-05:00
OE0220,M056,REGISTERED,2025-05-04T12:00:00-05:00
OE0221,M056,VALIDATION_STARTED,2025-05-06T07:00:00-05:00
OE0222,M056,DOCUMENTS_COMPLETED,2025-05-08T15:00:00-05:00
OE0223,M056,REJECTED,2025-05-10T11:15:00-05:00
OE0224,M057,REGISTERED,2026-01-03T10:30:00-05:00
OE0225,M057,VALIDATION_STARTED,2026-01-04T03:45:00-05:00
OE0226,M057,DOCUMENTS_COMPLETED,2026-01-05T22:45:00-05:00
OE0227,M057,APPROVED,2026-01-07T07:30:00-05:00
OE0228,M057,ACTIVATED,2026-01-11T13:15:00-05:00
OE0229,M058,REGISTERED,2025-08-18T12:30:00-05:00
OE0230,M058,VALIDATION_STARTED,2025-08-18T21:30:00-05:00
OE0231,M058,ABANDONED,2025-08-27T00:00:00-05:00
OE0232,M059,REGISTERED,2026-07-07T15:00:00-05:00
OE0233,M059,VALIDATION_STARTED,2026-07-07T19:45:00-05:00
OE0234,M059,DOCUMENTS_COMPLETED,2026-07-10T19:45:00-05:00
OE0235,M059,ABANDONED,2026-07-16T11:30:00-05:00
OE0236,M060,REGISTERED,2025-10-10T13:30:00-05:00
OE0237,M060,VALIDATION_STARTED,2025-10-12T11:45:00-05:00
OE0238,M060,DOCUMENTS_COMPLETED,2025-10-18T20:45:00-05:00
OE0239,M060,ABANDONED,2025-10-21T11:15:00-05:00
OE0240,M061,REGISTERED,2025-06-18T17:15:00-05:00
OE0241,M061,VALIDATION_STARTED,2025-06-19T13:45:00-05:00
OE0242,M061,DOCUMENTS_COMPLETED,2025-06-29T13:00:00-05:00
OE0243,M061,APPROVED,2025-07-06T01:45:00-05:00
OE0244,M061,ACTIVATED,2025-07-10T14:00:00-05:00
OE0245,M062,REGISTERED,2026-08-03T11:15:00-05:00
OE0246,M062,VALIDATION_STARTED,2026-08-03T18:15:00-05:00
OE0247,M062,DOCUMENTS_COMPLETED,2026-08-10T05:00:00-05:00
OE0248,M062,APPROVED,2026-08-17T04:30:00-05:00
OE0249,M062,ACTIVATED,2026-08-19T16:30:00-05:00
OE0250,M063,REGISTERED,2026-02-25T09:45:00-05:00
OE0251,M063,VALIDATION_STARTED,2026-02-27T08:15:00-05:00
OE0252,M063,DOCUMENTS_COMPLETED,2026-03-02T11:45:00-05:00
OE0253,M063,APPROVED,2026-03-06T13:15:00-05:00
OE0254,M063,ACTIVATED,2026-03-09T06:00:00-05:00
OE0255,M064,REGISTERED,2025-08-02T16:45:00-05:00
OE0256,M064,VALIDATION_STARTED,2025-08-03T04:45:00-05:00
OE0257,M064,DOCUMENTS_COMPLETED,2025-08-11T20:15:00-05:00
OE0258,M064,APPROVED,2025-08-13T01:00:00-05:00
OE0259,M064,ACTIVATED,2025-08-15T13:30:00-05:00
OE0260,M065,REGISTERED,2025-12-23T08:45:00-05:00
OE0261,M065,VALIDATION_STARTED,2025-12-24T15:00:00-05:00
OE0262,M065,DOCUMENTS_COMPLETED,2026-01-02T18:30:00-05:00
OE0263,M065,REJECTED,2026-01-06T07:45:00-05:00
OE0264,M066,REGISTERED,2025-01-15T12:45:00-05:00
OE0265,M066,VALIDATION_STARTED,2025-01-15T18:00:00-05:00
OE0266,M066,ABANDONED,2025-01-17T22:30:00-05:00
OE0267,M067,REGISTERED,2025-05-15T13:30:00-05:00
OE0268,M067,VALIDATION_STARTED,2025-05-15T18:00:00-05:00
OE0269,M067,DOCUMENTS_COMPLETED,2025-05-17T03:45:00-05:00
OE0270,M067,ABANDONED,2025-05-23T07:00:00-05:00
OE0271,M068,REGISTERED,2026-06-16T15:45:00-05:00
OE0272,M068,VALIDATION_STARTED,2026-06-16T21:30:00-05:00
OE0273,M068,REJECTED,2026-06-17T10:30:00-05:00
OE0274,M069,REGISTERED,2025-06-30T10:15:00-05:00
OE0275,M069,VALIDATION_STARTED,2025-07-01T16:15:00-05:00
OE0276,M069,DOCUMENTS_COMPLETED,2025-07-10T17:30:00-05:00
OE0277,M069,APPROVED,2025-07-14T12:30:00-05:00
OE0278,M069,ACTIVATED,2025-07-16T00:15:00-05:00
OE0279,M070,REGISTERED,2026-08-27T13:15:00-05:00
OE0280,M070,VALIDATION_STARTED,2026-08-29T14:00:00-05:00
OE0281,M071,REGISTERED,2025-04-22T17:30:00-05:00
OE0282,M071,VALIDATION_STARTED,2025-04-23T23:45:00-05:00
OE0283,M071,DOCUMENTS_COMPLETED,2025-04-29T11:00:00-05:00
OE0284,M071,REJECTED,2025-04-29T16:30:00-05:00
OE0285,M072,REGISTERED,2025-09-19T16:00:00-05:00
OE0286,M072,VALIDATION_STARTED,2025-09-20T01:30:00-05:00
OE0287,M072,DOCUMENTS_COMPLETED,2025-09-25T06:00:00-05:00
OE0288,M072,APPROVED,2025-09-29T00:30:00-05:00
OE0289,M072,ACTIVATED,2025-10-01T02:00:00-05:00
OE0290,M073,REGISTERED,2025-12-27T16:15:00-05:00
OE0291,M073,VALIDATION_STARTED,2025-12-27T23:15:00-05:00
OE0292,M073,DOCUMENTS_COMPLETED,2025-12-29T17:00:00-05:00
OE0293,M073,REJECTED,2025-12-30T14:45:00-05:00
OE0294,M074,REGISTERED,2025-09-12T17:45:00-05:00
OE0295,M074,VALIDATION_STARTED,2025-09-14T08:00:00-05:00
OE0296,M074,DOCUMENTS_COMPLETED,2025-09-21T04:00:00-05:00
OE0297,M074,APPROVED,2025-09-24T13:15:00-05:00
OE0298,M074,ACTIVATED,2025-09-27T13:30:00-05:00
OE0299,M075,REGISTERED,2026-01-25T10:00:00-05:00
OE0300,M075,VALIDATION_STARTED,2026-01-26T11:00:00-05:00
OE0301,M075,DOCUMENTS_COMPLETED,2026-02-03T14:30:00-05:00
OE0302,M075,APPROVED,2026-02-08T13:00:00-05:00
OE0303,M075,ACTIVATED,2026-02-09T09:00:00-05:00
OE0304,M076,REGISTERED,2025-06-25T12:15:00-05:00
OE0305,M076,VALIDATION_STARTED,2025-06-25T15:00:00-05:00
OE0306,M076,REJECTED,2025-06-27T02:15:00-05:00
OE0307,M077,REGISTERED,2026-04-10T09:45:00-05:00
OE0308,M077,VALIDATION_STARTED,2026-04-10T16:15:00-05:00
OE0309,M077,DOCUMENTS_COMPLETED,2026-04-13T05:15:00-05:00
OE0310,M077,APPROVED,2026-04-17T01:00:00-05:00
OE0311,M077,ACTIVATED,2026-04-20T19:45:00-05:00
OE0312,M078,REGISTERED,2025-03-25T16:30:00-05:00
OE0313,M078,VALIDATION_STARTED,2025-03-25T21:15:00-05:00
OE0314,M078,DOCUMENTS_COMPLETED,2025-04-04T05:45:00-05:00
OE0315,M078,APPROVED,2025-04-08T12:00:00-05:00
OE0316,M078,ACTIVATED,2025-04-11T03:45:00-05:00
OE0317,M079,REGISTERED,2025-05-26T08:00:00-05:00
OE0318,M079,VALIDATION_STARTED,2025-05-27T16:30:00-05:00
OE0319,M079,DOCUMENTS_COMPLETED,2025-05-30T22:00:00-05:00
OE0320,M079,REJECTED,2025-05-31T11:45:00-05:00
OE0321,M080,REGISTERED,2025-10-27T15:15:00-05:00
OE0322,M080,VALIDATION_STARTED,2025-10-29T12:00:00-05:00
OE0323,M080,DOCUMENTS_COMPLETED,2025-11-01T09:15:00-05:00
OE0324,M080,APPROVED,2025-11-02T19:30:00-05:00
OE0325,M080,ACTIVATED,2025-11-05T05:00:00-05:00
OE0326,M081,REGISTERED,2026-01-22T12:00:00-05:00
OE0327,M081,VALIDATION_STARTED,2026-01-23T13:15:00-05:00
OE0328,M081,DOCUMENTS_COMPLETED,2026-01-26T20:15:00-05:00
OE0329,M081,APPROVED,2026-01-31T23:15:00-05:00
OE0330,M081,ACTIVATED,2026-02-02T01:45:00-05:00
OE0331,M082,REGISTERED,2025-09-12T09:00:00-05:00
OE0332,M082,VALIDATION_STARTED,2025-09-12T20:30:00-05:00
OE0333,M083,REGISTERED,2025-07-31T09:30:00-05:00
OE0334,M083,VALIDATION_STARTED,2025-08-01T20:30:00-05:00
OE0335,M083,DOCUMENTS_COMPLETED,2025-08-09T07:00:00-05:00
OE0336,M083,ABANDONED,2025-08-16T08:45:00-05:00
OE0337,M084,REGISTERED,2026-05-08T08:45:00-05:00
OE0338,M084,VALIDATION_STARTED,2026-05-09T21:15:00-05:00
OE0339,M084,DOCUMENTS_COMPLETED,2026-05-12T09:15:00-05:00
OE0340,M084,APPROVED,2026-05-15T00:00:00-05:00
OE0341,M084,ACTIVATED,2026-05-19T05:15:00-05:00
OE0342,M085,REGISTERED,2026-03-08T17:45:00-05:00
OE0343,M085,VALIDATION_STARTED,2026-03-09T00:30:00-05:00
OE0344,M085,DOCUMENTS_COMPLETED,2026-03-13T22:00:00-05:00
OE0345,M085,APPROVED,2026-03-15T08:45:00-05:00
OE0346,M085,ACTIVATED,2026-03-16T22:45:00-05:00
OE0347,M086,REGISTERED,2026-08-03T15:45:00-05:00
OE0348,M086,VALIDATION_STARTED,2026-08-05T05:45:00-05:00
OE0349,M086,DOCUMENTS_COMPLETED,2026-08-07T04:15:00-05:00
OE0350,M086,APPROVED,2026-08-13T13:15:00-05:00
OE0351,M086,ACTIVATED,2026-08-15T14:30:00-05:00
OE0352,M087,REGISTERED,2025-10-29T13:15:00-05:00
OE0353,M087,VALIDATION_STARTED,2025-10-31T09:30:00-05:00
OE0354,M087,ABANDONED,2025-11-03T20:00:00-05:00
OE0355,M088,REGISTERED,2026-05-30T09:15:00-05:00
OE0356,M089,REGISTERED,2025-08-07T17:45:00-05:00
OE0357,M089,VALIDATION_STARTED,2025-08-09T17:15:00-05:00
OE0358,M089,DOCUMENTS_COMPLETED,2025-08-17T05:30:00-05:00
OE0359,M089,REJECTED,2025-08-18T11:45:00-05:00
OE0360,M090,REGISTERED,2025-04-29T09:00:00-05:00
OE0361,M090,VALIDATION_STARTED,2025-04-30T05:00:00-05:00
OE0362,M090,DOCUMENTS_COMPLETED,2025-05-09T04:30:00-05:00
OE0363,M090,APPROVED,2025-05-14T10:45:00-05:00
OE0364,M090,ACTIVATED,2025-05-17T10:45:00-05:00
OE0365,M091,REGISTERED,2025-09-13T11:45:00-05:00
OE0366,M091,VALIDATION_STARTED,2025-09-15T11:45:00-05:00
OE0367,M091,DOCUMENTS_COMPLETED,2025-09-22T04:30:00-05:00
OE0368,M091,APPROVED,2025-09-28T23:15:00-05:00
OE0369,M091,ACTIVATED,2025-10-03T02:45:00-05:00
OE0370,M092,REGISTERED,2025-02-22T11:15:00-05:00
OE0371,M092,VALIDATION_STARTED,2025-02-23T14:45:00-05:00
OE0372,M092,DOCUMENTS_COMPLETED,2025-02-26T00:00:00-05:00
OE0373,M092,APPROVED,2025-03-04T16:45:00-05:00
OE0374,M092,ACTIVATED,2025-03-07T22:30:00-05:00
OE0375,M093,REGISTERED,2025-05-04T14:45:00-05:00
OE0376,M093,VALIDATION_STARTED,2025-05-05T11:00:00-05:00
OE0377,M093,DOCUMENTS_COMPLETED,2025-05-11T05:15:00-05:00
OE0378,M093,APPROVED,2025-05-12T14:30:00-05:00
OE0379,M093,ACTIVATED,2025-05-15T21:00:00-05:00
OE0380,M094,REGISTERED,2025-12-18T16:15:00-05:00
OE0381,M094,VALIDATION_STARTED,2025-12-20T12:15:00-05:00
OE0382,M094,DOCUMENTS_COMPLETED,2025-12-26T20:15:00-05:00
OE0383,M094,APPROVED,2025-12-31T17:45:00-05:00
OE0384,M094,ACTIVATED,2026-01-01T18:45:00-05:00
OE0385,M095,REGISTERED,2025-07-05T08:30:00-05:00
OE0386,M095,ABANDONED,2025-07-10T13:45:00-05:00
OE0387,M096,REGISTERED,2025-04-25T12:45:00-05:00
OE0388,M096,VALIDATION_STARTED,2025-04-25T14:00:00-05:00
OE0389,M096,DOCUMENTS_COMPLETED,2025-04-28T01:45:00-05:00
OE0390,M096,APPROVED,2025-05-03T07:15:00-05:00
OE0391,M096,ACTIVATED,2025-05-06T23:15:00-05:00
OE0392,M097,REGISTERED,2025-09-15T12:00:00-05:00
OE0393,M097,VALIDATION_STARTED,2025-09-15T14:30:00-05:00
OE0394,M097,DOCUMENTS_COMPLETED,2025-09-22T07:00:00-05:00
OE0395,M097,APPROVED,2025-09-26T23:00:00-05:00
OE0396,M097,ACTIVATED,2025-09-27T12:15:00-05:00
OE0397,M098,REGISTERED,2025-04-24T14:00:00-05:00
OE0398,M098,VALIDATION_STARTED,2025-04-25T09:00:00-05:00
OE0399,M098,REJECTED,2025-04-26T21:15:00-05:00
OE0400,M099,REGISTERED,2025-06-16T12:15:00-05:00
OE0401,M099,VALIDATION_STARTED,2025-06-18T02:30:00-05:00
OE0402,M099,DOCUMENTS_COMPLETED,2025-06-25T06:45:00-05:00
OE0403,M099,REJECTED,2025-06-29T00:00:00-05:00
OE0404,M100,REGISTERED,2025-12-26T13:30:00-05:00
OE0405,M100,VALIDATION_STARTED,2025-12-27T08:15:00-05:00
OE0406,M100,DOCUMENTS_COMPLETED,2026-01-04T19:00:00-05:00
OE0407,M100,ABANDONED,2026-01-06T23:00:00-05:00
OE0408,M101,REGISTERED,2025-03-11T10:30:00-05:00
OE0409,M101,VALIDATION_STARTED,2025-03-12T12:00:00-05:00
OE0410,M101,DOCUMENTS_COMPLETED,2025-03-20T02:30:00-05:00
OE0411,M101,APPROVED,2025-03-22T12:45:00-05:00
OE0412,M101,ACTIVATED,2025-03-25T03:00:00-05:00
OE0413,M102,REGISTERED,2026-01-21T14:30:00-05:00
OE0414,M102,VALIDATION_STARTED,2026-01-21T23:30:00-05:00
OE0415,M102,DOCUMENTS_COMPLETED,2026-01-23T06:00:00-05:00
OE0416,M102,APPROVED,2026-01-26T17:15:00-05:00
OE0417,M102,ACTIVATED,2026-01-30T14:15:00-05:00
OE0418,M103,REGISTERED,2025-10-06T08:45:00-05:00
OE0419,M103,VALIDATION_STARTED,2025-10-07T19:00:00-05:00
OE0420,M103,DOCUMENTS_COMPLETED,2025-10-16T15:45:00-05:00
OE0421,M103,APPROVED,2025-10-20T04:15:00-05:00
OE0422,M103,ACTIVATED,2025-10-22T19:30:00-05:00
OE0423,M104,REGISTERED,2025-02-17T16:00:00-05:00
OE0424,M104,VALIDATION_STARTED,2025-02-17T18:15:00-05:00
OE0425,M104,ABANDONED,2025-02-20T16:00:00-05:00
OE0426,M105,REGISTERED,2025-05-08T09:15:00-05:00
OE0427,M105,VALIDATION_STARTED,2025-05-10T08:00:00-05:00
OE0428,M105,DOCUMENTS_COMPLETED,2025-05-13T20:15:00-05:00
OE0429,M105,REJECTED,2025-05-14T06:45:00-05:00
OE0430,M106,REGISTERED,2026-05-18T11:00:00-05:00
OE0431,M106,VALIDATION_STARTED,2026-05-19T20:45:00-05:00
OE0432,M106,DOCUMENTS_COMPLETED,2026-05-21T23:00:00-05:00
OE0433,M106,APPROVED,2026-05-27T04:30:00-05:00
OE0434,M106,ACTIVATED,2026-05-31T00:15:00-05:00
OE0435,M107,REGISTERED,2025-08-18T09:45:00-05:00
OE0436,M107,VALIDATION_STARTED,2025-08-18T14:00:00-05:00
OE0437,M107,DOCUMENTS_COMPLETED,2025-08-20T21:15:00-05:00
OE0438,M107,APPROVED,2025-08-24T23:45:00-05:00
OE0439,M107,ACTIVATED,2025-08-27T16:00:00-05:00
OE0440,M108,REGISTERED,2025-12-26T17:30:00-05:00
OE0441,M108,VALIDATION_STARTED,2025-12-28T13:45:00-05:00
OE0442,M108,DOCUMENTS_COMPLETED,2025-12-31T17:30:00-05:00
OE0443,M108,APPROVED,2026-01-04T14:15:00-05:00
OE0444,M108,ACTIVATED,2026-01-05T07:00:00-05:00
OE0445,M109,REGISTERED,2025-01-04T17:15:00-05:00
OE0446,M109,VALIDATION_STARTED,2025-01-06T06:30:00-05:00
OE0447,M109,DOCUMENTS_COMPLETED,2025-01-11T13:15:00-05:00
OE0448,M109,APPROVED,2025-01-14T14:15:00-05:00
OE0449,M109,ACTIVATED,2025-01-16T19:15:00-05:00
OE0450,M110,REGISTERED,2025-10-17T11:45:00-05:00
OE0451,M110,VALIDATION_STARTED,2025-10-18T08:00:00-05:00
OE0452,M110,DOCUMENTS_COMPLETED,2025-10-26T12:45:00-05:00
OE0453,M110,APPROVED,2025-11-01T14:45:00-05:00
OE0454,M110,ACTIVATED,2025-11-05T06:00:00-05:00
OE0455,M111,REGISTERED,2025-04-14T13:00:00-05:00
OE0456,M111,VALIDATION_STARTED,2025-04-14T16:15:00-05:00
OE0457,M111,DOCUMENTS_COMPLETED,2025-04-21T18:30:00-05:00
OE0458,M111,APPROVED,2025-04-28T11:30:00-05:00
OE0459,M111,ACTIVATED,2025-04-29T23:15:00-05:00
OE0460,M112,REGISTERED,2025-11-24T08:30:00-05:00
OE0461,M112,VALIDATION_STARTED,2025-11-25T02:15:00-05:00
OE0462,M112,DOCUMENTS_COMPLETED,2025-12-01T06:30:00-05:00
OE0463,M112,APPROVED,2025-12-07T05:15:00-05:00
OE0464,M112,ACTIVATED,2025-12-10T07:45:00-05:00
OE0465,M113,REGISTERED,2025-11-27T09:15:00-05:00
OE0466,M113,VALIDATION_STARTED,2025-11-29T01:15:00-05:00
OE0467,M113,DOCUMENTS_COMPLETED,2025-12-07T19:15:00-05:00
OE0468,M113,APPROVED,2025-12-14T13:15:00-05:00
OE0469,M113,ACTIVATED,2025-12-19T05:00:00-05:00
OE0470,M114,REGISTERED,2025-03-11T09:45:00-05:00
OE0471,M114,VALIDATION_STARTED,2025-03-12T01:30:00-05:00
OE0472,M114,DOCUMENTS_COMPLETED,2025-03-14T06:00:00-05:00
OE0473,M114,APPROVED,2025-03-18T11:45:00-05:00
OE0474,M114,ACTIVATED,2025-03-20T05:00:00-05:00
OE0475,M115,REGISTERED,2026-06-11T09:30:00-05:00
OE0476,M115,VALIDATION_STARTED,2026-06-12T20:30:00-05:00
OE0477,M115,DOCUMENTS_COMPLETED,2026-06-20T19:15:00-05:00
OE0478,M115,APPROVED,2026-06-27T16:45:00-05:00
OE0479,M115,ACTIVATED,2026-07-02T10:30:00-05:00
OE0480,M116,REGISTERED,2026-05-03T08:45:00-05:00
OE0481,M116,VALIDATION_STARTED,2026-05-04T11:45:00-05:00
OE0482,M116,DOCUMENTS_COMPLETED,2026-05-10T08:45:00-05:00
OE0483,M116,APPROVED,2026-05-12T04:15:00-05:00
OE0484,M116,ACTIVATED,2026-05-14T22:30:00-05:00
OE0485,M117,REGISTERED,2025-05-21T17:30:00-05:00
OE0486,M117,ABANDONED,2025-05-27T08:00:00-05:00
OE0487,M118,REGISTERED,2025-05-09T15:00:00-05:00
OE0488,M118,VALIDATION_STARTED,2025-05-10T05:15:00-05:00
OE0489,M118,DOCUMENTS_COMPLETED,2025-05-15T17:15:00-05:00
OE0490,M118,APPROVED,2025-05-19T09:15:00-05:00
OE0491,M118,ACTIVATED,2025-05-22T06:15:00-05:00
OE0492,M119,REGISTERED,2025-10-31T15:00:00-05:00
OE0493,M119,VALIDATION_STARTED,2025-11-01T10:15:00-05:00
OE0494,M119,DOCUMENTS_COMPLETED,2025-11-11T00:15:00-05:00
OE0495,M119,APPROVED,2025-11-13T23:00:00-05:00
OE0496,M119,ACTIVATED,2025-11-16T16:15:00-05:00
OE0497,M120,REGISTERED,2025-07-09T11:45:00-05:00
OE0498,M120,VALIDATION_STARTED,2025-07-10T03:00:00-05:00
OE0499,M120,DOCUMENTS_COMPLETED,2025-07-14T20:30:00-05:00
OE0500,M120,APPROVED,2025-07-17T05:30:00-05:00
OE0501,M120,ABANDONED,2025-07-27T03:15:00-05:00
OE0502,M121,REGISTERED,2025-08-05T12:45:00-05:00
OE0503,M121,VALIDATION_STARTED,2025-08-07T13:15:00-05:00
OE0504,M121,DOCUMENTS_COMPLETED,2025-08-17T06:00:00-05:00
OE0505,M122,REGISTERED,2025-10-04T16:45:00-05:00
OE0506,M122,VALIDATION_STARTED,2025-10-05T02:00:00-05:00
OE0507,M122,DOCUMENTS_COMPLETED,2025-10-06T17:00:00-05:00
OE0508,M122,APPROVED,2025-10-07T22:45:00-05:00
OE0509,M122,ACTIVATED,2025-10-12T20:15:00-05:00
OE0510,M123,REGISTERED,2026-05-30T15:15:00-05:00
OE0511,M123,VALIDATION_STARTED,2026-06-01T10:45:00-05:00
OE0512,M123,DOCUMENTS_COMPLETED,2026-06-04T04:00:00-05:00
OE0513,M123,APPROVED,2026-06-06T22:15:00-05:00
OE0514,M123,ACTIVATED,2026-06-11T11:15:00-05:00
OE0515,M124,REGISTERED,2025-03-06T14:15:00-05:00
OE0516,M124,VALIDATION_STARTED,2025-03-06T16:30:00-05:00
OE0517,M124,DOCUMENTS_COMPLETED,2025-03-11T13:45:00-05:00
OE0518,M125,REGISTERED,2025-05-29T08:30:00-05:00
OE0519,M125,VALIDATION_STARTED,2025-05-30T20:15:00-05:00
OE0520,M125,ABANDONED,2025-06-05T14:45:00-05:00
OE0521,M126,REGISTERED,2025-07-27T11:45:00-05:00
OE0522,M126,VALIDATION_STARTED,2025-07-28T20:00:00-05:00
OE0523,M126,DOCUMENTS_COMPLETED,2025-08-06T12:30:00-05:00
OE0524,M126,APPROVED,2025-08-13T06:45:00-05:00
OE0525,M126,ABANDONED,2025-08-20T15:45:00-05:00
OE0526,M127,REGISTERED,2025-07-22T16:30:00-05:00
OE0527,M127,VALIDATION_STARTED,2025-07-22T23:45:00-05:00
OE0528,M127,DOCUMENTS_COMPLETED,2025-07-24T16:30:00-05:00
OE0529,M127,APPROVED,2025-07-26T21:15:00-05:00
OE0530,M127,ACTIVATED,2025-07-29T17:45:00-05:00
OE0531,M128,REGISTERED,2025-11-22T16:30:00-05:00
OE0532,M128,VALIDATION_STARTED,2025-11-24T11:30:00-05:00
OE0533,M128,DOCUMENTS_COMPLETED,2025-12-04T04:00:00-05:00
OE0534,M128,APPROVED,2025-12-07T04:15:00-05:00
OE0535,M128,ACTIVATED,2025-12-11T16:45:00-05:00
OE0536,M129,REGISTERED,2026-04-09T12:15:00-05:00
OE0537,M129,VALIDATION_STARTED,2026-04-09T21:45:00-05:00
OE0538,M129,DOCUMENTS_COMPLETED,2026-04-19T04:30:00-05:00
OE0539,M129,APPROVED,2026-04-22T01:00:00-05:00
OE0540,M129,ACTIVATED,2026-04-22T15:30:00-05:00
OE0541,M130,REGISTERED,2026-05-25T15:45:00-05:00
OE0542,M130,VALIDATION_STARTED,2026-05-26T00:15:00-05:00
OE0543,M130,DOCUMENTS_COMPLETED,2026-05-30T12:00:00-05:00
OE0544,M130,APPROVED,2026-06-02T12:00:00-05:00
OE0545,M131,REGISTERED,2025-11-06T10:00:00-05:00
OE0546,M131,VALIDATION_STARTED,2025-11-06T12:15:00-05:00
OE0547,M131,DOCUMENTS_COMPLETED,2025-11-08T18:00:00-05:00
OE0548,M131,ABANDONED,2025-11-15T23:45:00-05:00
OE0549,M132,REGISTERED,2026-04-01T17:30:00-05:00
OE0550,M132,VALIDATION_STARTED,2026-04-02T14:45:00-05:00
OE0551,M132,DOCUMENTS_COMPLETED,2026-04-12T07:15:00-05:00
OE0552,M132,APPROVED,2026-04-17T04:30:00-05:00
OE0553,M132,ACTIVATED,2026-04-18T13:15:00-05:00
OE0554,M133,REGISTERED,2026-03-12T13:30:00-05:00
OE0555,M133,VALIDATION_STARTED,2026-03-14T14:00:00-05:00
OE0556,M133,DOCUMENTS_COMPLETED,2026-03-23T23:45:00-05:00
OE0557,M134,REGISTERED,2026-03-20T10:45:00-05:00
OE0558,M134,VALIDATION_STARTED,2026-03-22T09:45:00-05:00
OE0559,M134,DOCUMENTS_COMPLETED,2026-04-01T10:00:00-05:00
OE0560,M134,APPROVED,2026-04-08T08:30:00-05:00
OE0561,M134,ACTIVATED,2026-04-12T02:15:00-05:00
OE0562,M135,REGISTERED,2025-02-21T17:30:00-05:00
OE0563,M135,VALIDATION_STARTED,2025-02-23T12:15:00-05:00
OE0564,M135,DOCUMENTS_COMPLETED,2025-02-28T07:00:00-05:00
OE0565,M135,REJECTED,2025-03-03T18:00:00-05:00
OE0566,M136,REGISTERED,2026-01-15T14:15:00-05:00
OE0567,M136,VALIDATION_STARTED,2026-01-16T04:45:00-05:00
OE0568,M136,DOCUMENTS_COMPLETED,2026-01-23T04:15:00-05:00
OE0569,M136,APPROVED,2026-01-28T01:30:00-05:00
OE0570,M136,ACTIVATED,2026-01-28T20:30:00-05:00
OE0571,M137,REGISTERED,2025-06-08T09:45:00-05:00
OE0572,M137,VALIDATION_STARTED,2025-06-10T00:00:00-05:00
OE0573,M137,DOCUMENTS_COMPLETED,2025-06-19T20:15:00-05:00
OE0574,M137,REJECTED,2025-06-20T04:00:00-05:00
OE0575,M138,REGISTERED,2026-02-11T16:30:00-05:00
OE0576,M138,VALIDATION_STARTED,2026-02-13T04:15:00-05:00
OE0577,M138,REJECTED,2026-02-15T02:15:00-05:00
OE0578,M139,REGISTERED,2026-05-03T17:45:00-05:00
OE0579,M139,VALIDATION_STARTED,2026-05-04T10:15:00-05:00
OE0580,M139,DOCUMENTS_COMPLETED,2026-05-07T03:30:00-05:00
OE0581,M139,REJECTED,2026-05-08T04:30:00-05:00
OE0582,M140,REGISTERED,2025-01-31T13:45:00-05:00
OE0583,M140,VALIDATION_STARTED,2025-02-01T08:15:00-05:00
OE0584,M140,DOCUMENTS_COMPLETED,2025-02-11T08:45:00-05:00
OE0585,M140,APPROVED,2025-02-13T05:00:00-05:00
OE0586,M141,REGISTERED,2025-04-24T17:45:00-05:00
OE0587,M141,VALIDATION_STARTED,2025-04-26T06:30:00-05:00
OE0588,M141,DOCUMENTS_COMPLETED,2025-05-01T15:45:00-05:00
OE0589,M142,REGISTERED,2026-03-15T10:30:00-05:00
OE0590,M142,VALIDATION_STARTED,2026-03-16T23:00:00-05:00
OE0591,M142,DOCUMENTS_COMPLETED,2026-03-18T20:30:00-05:00
OE0592,M142,REJECTED,2026-03-21T05:30:00-05:00
OE0593,M143,REGISTERED,2026-05-26T12:15:00-05:00
OE0594,M143,VALIDATION_STARTED,2026-05-28T05:30:00-05:00
OE0595,M143,DOCUMENTS_COMPLETED,2026-06-04T14:00:00-05:00
OE0596,M143,APPROVED,2026-06-10T10:15:00-05:00
OE0597,M143,ACTIVATED,2026-06-11T07:00:00-05:00
OE0598,M144,REGISTERED,2025-09-05T16:00:00-05:00
OE0599,M144,VALIDATION_STARTED,2025-09-06T12:00:00-05:00
OE0600,M144,DOCUMENTS_COMPLETED,2025-09-10T03:15:00-05:00
OE0601,M144,REJECTED,2025-09-12T11:45:00-05:00
OE0602,M145,REGISTERED,2026-04-22T13:00:00-05:00
OE0603,M145,VALIDATION_STARTED,2026-04-22T17:30:00-05:00
OE0604,M145,DOCUMENTS_COMPLETED,2026-04-25T00:00:00-05:00
OE0605,M145,APPROVED,2026-05-01T04:15:00-05:00
OE0606,M145,ACTIVATED,2026-05-02T01:15:00-05:00
OE0607,M146,REGISTERED,2025-09-19T11:00:00-05:00
OE0608,M146,VALIDATION_STARTED,2025-09-20T01:45:00-05:00
OE0609,M146,ABANDONED,2025-09-22T01:45:00-05:00
OE0610,M147,REGISTERED,2025-02-12T09:30:00-05:00
OE0611,M147,VALIDATION_STARTED,2025-02-13T04:45:00-05:00
OE0612,M147,DOCUMENTS_COMPLETED,2025-02-17T15:45:00-05:00
OE0613,M147,APPROVED,2025-02-20T05:45:00-05:00
OE0614,M147,ACTIVATED,2025-02-23T04:15:00-05:00
OE0615,M148,REGISTERED,2026-05-05T15:30:00-05:00
OE0616,M148,VALIDATION_STARTED,2026-05-07T01:45:00-05:00
OE0617,M148,DOCUMENTS_COMPLETED,2026-05-15T05:45:00-05:00
OE0618,M148,APPROVED,2026-05-20T07:15:00-05:00
OE0619,M148,ACTIVATED,2026-05-21T01:45:00-05:00
OE0620,M149,REGISTERED,2025-02-14T09:30:00-05:00
OE0621,M149,VALIDATION_STARTED,2025-02-15T23:45:00-05:00
OE0622,M149,ABANDONED,2025-02-23T11:30:00-05:00
OE0623,M150,REGISTERED,2025-04-04T13:30:00-05:00
OE0624,M150,VALIDATION_STARTED,2025-04-05T23:45:00-05:00
OE0625,M150,DOCUMENTS_COMPLETED,2025-04-08T18:00:00-05:00
OE0626,M150,APPROVED,2025-04-14T14:15:00-05:00
OE0627,M150,ACTIVATED,2025-04-17T21:30:00-05:00
OE0628,M151,REGISTERED,2026-04-22T13:30:00-05:00
OE0629,M151,VALIDATION_STARTED,2026-04-24T00:00:00-05:00
OE0630,M151,DOCUMENTS_COMPLETED,2026-04-25T18:00:00-05:00
OE0631,M151,APPROVED,2026-05-01T00:30:00-05:00
OE0632,M151,ACTIVATED,2026-05-02T16:00:00-05:00
OE0633,M152,REGISTERED,2025-08-14T15:30:00-05:00
OE0634,M152,VALIDATION_STARTED,2025-08-16T04:15:00-05:00
OE0635,M152,DOCUMENTS_COMPLETED,2025-08-24T14:45:00-05:00
OE0636,M152,APPROVED,2025-08-28T10:00:00-05:00
OE0637,M152,ACTIVATED,2025-08-29T14:30:00-05:00
OE0638,M153,REGISTERED,2026-08-07T08:00:00-05:00
OE0639,M153,VALIDATION_STARTED,2026-08-08T05:45:00-05:00
OE0640,M153,DOCUMENTS_COMPLETED,2026-08-10T05:00:00-05:00
OE0641,M153,APPROVED,2026-08-11T10:45:00-05:00
OE0642,M153,ACTIVATED,2026-08-15T04:30:00-05:00
OE0643,M154,REGISTERED,2025-03-13T13:45:00-05:00
OE0644,M154,VALIDATION_STARTED,2025-03-14T02:30:00-05:00
OE0645,M154,ABANDONED,2025-03-18T20:00:00-05:00
OE0646,M155,REGISTERED,2026-08-19T14:00:00-05:00
OE0647,M155,VALIDATION_STARTED,2026-08-21T05:00:00-05:00
OE0648,M155,DOCUMENTS_COMPLETED,2026-08-28T06:00:00-05:00
OE0649,M156,REGISTERED,2026-06-19T16:30:00-05:00
OE0650,M156,VALIDATION_STARTED,2026-06-19T23:15:00-05:00
OE0651,M156,DOCUMENTS_COMPLETED,2026-06-28T04:30:00-05:00
OE0652,M156,APPROVED,2026-07-02T07:00:00-05:00
OE0653,M156,ACTIVATED,2026-07-06T05:15:00-05:00
OE0654,M157,REGISTERED,2026-08-28T10:00:00-05:00
OE0655,M157,VALIDATION_STARTED,2026-08-30T09:30:00-05:00
OE0656,M158,REGISTERED,2026-06-12T12:45:00-05:00
OE0657,M158,VALIDATION_STARTED,2026-06-12T21:45:00-05:00
OE0658,M158,DOCUMENTS_COMPLETED,2026-06-22T19:30:00-05:00
OE0659,M158,APPROVED,2026-06-27T04:45:00-05:00
OE0660,M158,ACTIVATED,2026-07-02T03:30:00-05:00
OE0661,M159,REGISTERED,2026-05-15T13:15:00-05:00
OE0662,M159,VALIDATION_STARTED,2026-05-17T04:45:00-05:00
OE0663,M159,DOCUMENTS_COMPLETED,2026-05-19T06:15:00-05:00
OE0664,M159,APPROVED,2026-05-25T12:45:00-05:00
OE0665,M159,ACTIVATED,2026-05-29T20:45:00-05:00
OE0666,M160,REGISTERED,2025-04-25T15:45:00-05:00
OE0667,M160,VALIDATION_STARTED,2025-04-26T09:15:00-05:00
OE0668,M160,DOCUMENTS_COMPLETED,2025-05-05T19:30:00-05:00
OE0669,M160,APPROVED,2025-05-10T13:30:00-05:00
OE0670,M160,ACTIVATED,2025-05-12T06:45:00-05:00
OE0671,M161,REGISTERED,2025-02-03T12:15:00-05:00
OE0672,M161,VALIDATION_STARTED,2025-02-04T10:30:00-05:00
OE0673,M161,DOCUMENTS_COMPLETED,2025-02-14T04:15:00-05:00
OE0674,M161,APPROVED,2025-02-20T13:45:00-05:00
OE0675,M161,ACTIVATED,2025-02-21T08:45:00-05:00
OE0676,M162,REGISTERED,2025-12-11T16:45:00-05:00
OE0677,M162,VALIDATION_STARTED,2025-12-12T23:30:00-05:00
OE0678,M162,DOCUMENTS_COMPLETED,2025-12-17T22:30:00-05:00
OE0679,M162,APPROVED,2025-12-23T15:45:00-05:00
OE0680,M162,ABANDONED,2025-12-29T18:15:00-05:00
OE0681,M163,REGISTERED,2025-02-07T11:45:00-05:00
OE0682,M163,VALIDATION_STARTED,2025-02-07T15:30:00-05:00
OE0683,M163,DOCUMENTS_COMPLETED,2025-02-11T21:30:00-05:00
OE0684,M163,APPROVED,2025-02-15T14:15:00-05:00
OE0685,M163,ACTIVATED,2025-02-17T07:45:00-05:00
OE0686,M164,REGISTERED,2026-03-15T17:30:00-05:00
OE0687,M164,VALIDATION_STARTED,2026-03-17T04:45:00-05:00
OE0688,M165,REGISTERED,2025-09-20T14:00:00-05:00
OE0689,M165,VALIDATION_STARTED,2025-09-21T21:30:00-05:00
OE0690,M165,DOCUMENTS_COMPLETED,2025-10-01T08:45:00-05:00
OE0691,M165,APPROVED,2025-10-06T07:45:00-05:00
OE0692,M165,ACTIVATED,2025-10-10T01:00:00-05:00
OE0693,M166,REGISTERED,2026-06-10T15:15:00-05:00
OE0694,M166,VALIDATION_STARTED,2026-06-12T09:30:00-05:00
OE0695,M166,DOCUMENTS_COMPLETED,2026-06-13T14:15:00-05:00
OE0696,M167,REGISTERED,2026-01-22T15:30:00-05:00
OE0697,M167,ABANDONED,2026-01-27T05:00:00-05:00
OE0698,M168,REGISTERED,2026-06-10T16:45:00-05:00
OE0699,M168,VALIDATION_STARTED,2026-06-11T14:45:00-05:00
OE0700,M168,DOCUMENTS_COMPLETED,2026-06-18T07:45:00-05:00
OE0701,M168,APPROVED,2026-06-23T10:15:00-05:00
OE0702,M168,ACTIVATED,2026-06-24T17:00:00-05:00
OE0703,M169,REGISTERED,2025-03-04T11:30:00-05:00
OE0704,M169,VALIDATION_STARTED,2025-03-06T01:30:00-05:00
OE0705,M169,DOCUMENTS_COMPLETED,2025-03-13T20:15:00-05:00
OE0706,M169,APPROVED,2025-03-17T12:45:00-05:00
OE0707,M169,ACTIVATED,2025-03-21T16:45:00-05:00
OE0708,M170,REGISTERED,2025-11-02T17:30:00-05:00
OE0709,M170,VALIDATION_STARTED,2025-11-03T13:45:00-05:00
OE0710,M170,DOCUMENTS_COMPLETED,2025-11-13T09:15:00-05:00
OE0711,M170,REJECTED,2025-11-15T00:45:00-05:00
OE0712,M171,REGISTERED,2026-08-19T15:15:00-05:00
OE0713,M171,VALIDATION_STARTED,2026-08-21T04:30:00-05:00
OE0714,M171,DOCUMENTS_COMPLETED,2026-08-25T01:45:00-05:00
OE0715,M171,APPROVED,2026-08-26T17:15:00-05:00
OE0716,M171,ACTIVATED,2026-08-28T07:45:00-05:00
OE0717,M172,REGISTERED,2026-06-13T14:30:00-05:00
OE0718,M172,VALIDATION_STARTED,2026-06-14T22:00:00-05:00
OE0719,M172,DOCUMENTS_COMPLETED,2026-06-20T16:45:00-05:00
OE0720,M172,REJECTED,2026-06-22T13:30:00-05:00
OE0721,M173,REGISTERED,2026-04-25T14:15:00-05:00
OE0722,M173,VALIDATION_STARTED,2026-04-26T04:15:00-05:00
OE0723,M173,DOCUMENTS_COMPLETED,2026-05-01T02:30:00-05:00
OE0724,M173,APPROVED,2026-05-06T05:00:00-05:00
OE0725,M173,ACTIVATED,2026-05-09T13:45:00-05:00
OE0726,M174,REGISTERED,2025-08-21T13:00:00-05:00
OE0727,M174,VALIDATION_STARTED,2025-08-22T02:15:00-05:00
OE0728,M174,DOCUMENTS_COMPLETED,2025-08-31T22:15:00-05:00
OE0729,M174,APPROVED,2025-09-07T06:30:00-05:00
OE0730,M174,ACTIVATED,2025-09-09T07:15:00-05:00
OE0731,M175,REGISTERED,2026-01-13T14:45:00-05:00
OE0732,M175,VALIDATION_STARTED,2026-01-14T11:30:00-05:00
OE0733,M175,DOCUMENTS_COMPLETED,2026-01-20T15:30:00-05:00
OE0734,M175,APPROVED,2026-01-25T03:30:00-05:00
OE0735,M175,ACTIVATED,2026-01-28T12:30:00-05:00
OE0736,M176,REGISTERED,2025-02-12T11:15:00-05:00
OE0737,M176,VALIDATION_STARTED,2025-02-12T16:30:00-05:00
OE0738,M176,DOCUMENTS_COMPLETED,2025-02-18T13:15:00-05:00
OE0739,M176,APPROVED,2025-02-24T09:45:00-05:00
OE0740,M176,ACTIVATED,2025-02-27T17:30:00-05:00
OE0741,M177,REGISTERED,2025-10-17T11:15:00-05:00
OE0742,M177,VALIDATION_STARTED,2025-10-18T02:00:00-05:00
OE0743,M177,DOCUMENTS_COMPLETED,2025-10-20T21:30:00-05:00
OE0744,M177,APPROVED,2025-10-26T20:45:00-05:00
OE0745,M177,ACTIVATED,2025-10-30T03:45:00-05:00
OE0746,M178,REGISTERED,2026-01-07T12:00:00-05:00
OE0747,M178,VALIDATION_STARTED,2026-01-07T15:15:00-05:00
OE0748,M178,ABANDONED,2026-01-13T16:45:00-05:00
OE0749,M179,REGISTERED,2026-03-15T17:30:00-05:00
OE0750,M179,VALIDATION_STARTED,2026-03-17T05:45:00-05:00
OE0751,M179,DOCUMENTS_COMPLETED,2026-03-20T16:00:00-05:00
OE0752,M179,APPROVED,2026-03-22T03:00:00-05:00
OE0753,M179,ACTIVATED,2026-03-25T19:30:00-05:00
OE0754,M180,REGISTERED,2025-03-08T12:45:00-05:00
OE0755,M180,VALIDATION_STARTED,2025-03-09T03:30:00-05:00
OE0756,M180,ABANDONED,2025-03-10T11:00:00-05:00
